phase,condition,episode,map,layout,band,role,instruction,task,target,success,acquired,initially_visible,views,decisions_in_view,grounded,approached,selected,selected_relation,correct_target,wrong_target,wrong_object,aligned,descent_started,landed,landed_on,touchdown_on_target,self_stop,hovered,terminal,terminal_as_asked,collision,timeout,reason,steps,initial_distance_m,minimum_distance_m,final_distance_m,final_height_m,nearest_other_m,nearest_other,touchdown_error_m,touchdown_vertical_mps,touchdown_horizontal_mps,touchdown_inside,touchdown_soft,finalizer_active,touchdown_success,stable_physical_landing,system_landing,physical_landing,evaluator,finalizer_rescued_success,strict_policy_zero_action,finalizer_triggered,disarm_triggered,stable_duration_s,finalizer_state,failure,mechanism,class,cell,first_view_step,down_seen,over_pad,yaw_before_first_view_deg,seconds_to_first_view,front_fraction_at_start,front_fraction_at_first_view,mean_inference_ms,position_in_start,flight_index,same_color,same_shape,related_first
main,clean,ct-9500-blue_pad-near_visible,field,g,near,visible,Find the blue landing pad and land on it.,land,blue_pad,True,True,True,1,36,True,True,blue_pad,target,True,False,,True,True,True,blue_pad,True,True,False,landed,True,False,False,landed,36,12.6,0.2,0.9,2.6,42.2,red_pad,0.9,0.58,0.01,True,True,True,True,True,True,True,canonical_evaluator_v2,False,True,True,True,1.4992201328277588,DISARMED,,,,S,0,True,True,0,0.0,0.35072,0.35072,381.7816409166489,1,1,False,True,
main,clean,ct-9500-blue_pad-near_visible-approach,field,g,near,approach,Approach the blue landing pad.,approach,blue_pad,True,True,True,1,4,False,True,blue_pad,target,True,False,,False,False,False,,False,True,True,hovered,True,False,False,model_stop,4,12.6,12.6,12.6,8.1,44.0,red_pad,,,,,,False,,,,,,,,,,,,,,,S,0,False,False,0,0.0,0.35067,0.35067,392.0311960000049,3,7,False,True,
main,clean,ct-9501-blue_pad-near_search,lot,g,near,search,Find the blue landing pad and land on it.,land,blue_pad,True,True,False,1,45,True,True,blue_pad,target,True,False,,True,True,True,blue_pad,True,True,False,landed,True,False,False,landed,70,14.7,2.9,3.2,2.5,30.9,red_pad,3.24,0.61,0.01,True,True,True,True,True,True,True,canonical_evaluator_v2,False,True,True,True,1.5324642658233643,DISARMED,,,,S,25,True,True,300,12.847715377807617,,,390.0004629285734,3,11,False,True,
main,clean,ct-9501-blue_pad-near_search-approach,lot,g,near,approach,Approach the blue landing pad.,approach,blue_pad,True,True,False,1,17,True,True,blue_pad,target,True,False,,False,False,False,,False,True,True,hovered,True,False,False,model_stop,42,14.7,11.1,11.1,8.0,30.9,red_pad,,,,,,False,,,,,,,,,,,,,,,S,25,True,False,300,11.858504295349121,,,390.9579874762022,2,14,False,True,
main,clean,ct-9502-blue_pad-near_edge,field,h,near,edge,Find the blue landing pad and land on it.,land,blue_pad,True,True,True,1,21,True,True,blue_pad,target,True,False,,True,True,True,blue_pad,True,True,False,landed,True,False,False,landed,31,12.3,2.8,2.8,2.5,39.2,red_pad,2.8,0.6,0.06,True,True,True,True,True,True,True,canonical_evaluator_v2,False,True,True,True,1.524268388748169,DISARMED,,,,S,0,True,True,0,0.0,0.29466,0.29466,383.8427953548431,0,16,False,True,
main,clean,ct-9503-blue_pad-near_pair,lot,h,near,pair,Find the blue landing pad and land on it.,land,blue_pad,True,True,True,1,35,True,True,blue_pad,target,True,False,,True,True,True,blue_pad,True,True,False,landed,True,False,False,landed,35,16.2,2.9,2.9,2.5,35.2,red_pad,2.89,0.6,0.03,True,True,True,True,True,True,True,canonical_evaluator_v2,False,True,True,True,1.5287468433380127,DISARMED,,,,S,0,True,True,0,0.0,0.19588,0.19588,391.48146594284947,0,20,False,True,
main,clean,ct-9503-blue_pad-near_pair-swapped,lot,g,near,swap,Find the blue landing pad and land on it.,land,blue_pad,True,True,False,1,53,True,True,blue_pad,target,True,False,,True,True,True,blue_pad,True,True,False,landed,True,False,False,landed,89,35.2,3.2,4.0,2.6,16.1,red_pad,3.99,0.62,0.06,True,True,True,True,True,True,True,canonical_evaluator_v2,False,True,True,True,1.5453076362609863,DISARMED,,,,S,28,True,True,331,14.37241816520691,,0.02927,390.13946051684366,1,25,False,True,same_shape
main,clean,ct-9503-blue_pad-near_pair-find-red_pad,lot,h,near,query,Find the red landing pad.,approach,red_pad,True,True,False,2,49,True,True,red_pad,target,True,False,,False,False,False,,False,True,True,hovered,True,False,False,model_stop,112,35.2,11.1,11.1,6.0,16.2,blue_pad,,,,,,False,,,,,,,,,,,,,,,S,28,False,False,336,13.495038270950317,,0.03156,391.5447022499978,3,31,False,True,same_shape
main,clean,ct-9504-blue_pad-near_past,field,i,near,past,Find the blue landing pad and land on it.,land,blue_pad,True,True,False,1,31,True,True,blue_pad,target,True,False,,False,True,True,blue_pad,True,True,False,landed,True,False,False,landed,45,14.2,4.1,4.8,2.5,37.9,blue_cylinder,4.76,0.64,0.02,True,True,True,True,True,True,True,canonical_evaluator_v2,False,True,True,True,1.6581456661224365,DISARMED,,,,S,3,True,True,36,1.5010194778442383,,,385.394968555536,2,34,True,False,same_color
main,clean,ct-9505-blue_pad-near_visible2,lot,i,near,visible2,Find the blue landing pad and land on it.,land,blue_pad,True,True,True,1,39,True,True,blue_pad,target,True,False,,True,True,True,blue_pad,True,True,False,landed,True,False,False,landed,39,16.7,1.6,1.9,2.6,40.3,blue_cube,1.94,0.63,0.02,True,True,True,True,True,True,True,canonical_evaluator_v2,False,True,True,True,1.5192828178405762,DISARMED,,,,S,0,True,True,0,0.0,0.24612,0.24612,384.9713454871259,1,37,True,False,
main,clean,ct-9506-blue_pad-near_behind,field,j,near,behind,Find the blue landing pad and land on it.,land,blue_pad,True,True,False,1,42,True,True,blue_pad,target,True,False,,True,True,True,blue_pad,True,True,False,landed,True,False,False,landed,57,16.4,3.3,4.3,2.6,41.5,blue_cylinder,4.31,0.63,0.03,True,True,True,True,True,True,True,canonical_evaluator_v2,False,True,True,True,1.5233099460601807,DISARMED,,,,S,15,True,True,180,7.672194242477417,,0.10461,385.4525921403381,2,42,True,False,
main,clean,ct-9507-blue_pad-near_pair2,lot,j,near,pair2,Find the blue landing pad and land on it.,land,blue_pad,True,True,True,1,43,True,True,blue_pad,target,True,False,,True,True,True,blue_pad,True,True,False,landed,True,False,False,landed,43,17.6,0.9,1.7,2.5,39.3,blue_cube,1.69,0.62,0.01,True,True,True,True,True,True,True,canonical_evaluator_v2,False,True,True,True,1.5184755325317383,DISARMED,,,,S,0,True,True,0,0.0,0.22191,0.22191,382.5072057209074,1,45,True,False,
main,clean,ct-9507-blue_pad-near_pair2-swapped,lot,i,near,swap,Find the blue landing pad and land on it.,land,blue_pad,True,True,False,1,68,True,True,blue_pad,target,True,False,,True,True,True,blue_pad,True,True,False,landed,True,False,False,landed,102,39.6,2.9,3.4,2.6,15.7,blue_cube,3.37,0.63,0.01,True,True,True,True,True,True,True,canonical_evaluator_v2,False,True,True,True,1.5988571643829346,DISARMED,,,,S,34,True,True,380,16.08133339881897,,0.02517,395.81650228431533,0,48,True,False,same_color
main,clean,ct-9507-blue_pad-near_pair2-find-blue_cube,lot,j,near,query,Find the blue cube.,approach,blue_cube,False,False,False,0,0,False,False,blue_pad,same colour,False,True,blue_pad,False,False,False,,False,True,True,hovered,True,False,False,model_stop,14,39.6,39.3,39.4,8.8,10.9,blue_pad,,,,,,False,,,,,,,,,,,,SEARCH,stopped by itself,B1_SEARCH_FAILURE,F_SEARCH,,False,False,,,,,381.91849128569237,3,55,True,False,same_color
main,clean,ct-9508-red_pad-near_red_visible,field,g,near,red_visible,Find the red landing pad and land on it.,land,red_pad,True,True,True,1,33,True,True,red_pad,target,True,False,,True,True,True,red_pad,True,True,False,landed,True,False,False,landed,33,14.0,1.7,1.9,2.5,40.1,blue_pad,1.9,0.59,0.05,True,True,True,True,True,True,True,canonical_evaluator_v2,False,True,True,True,1.562265157699585,DISARMED,,,,S,0,True,True,0,0.0,0.37918,0.37918,409.80946090908355,3,59,False,True,
main,clean,ct-9509-red_pad-near_red_search,lot,g,near,red_search,Find the red landing pad and land on it.,land,red_pad,True,True,False,1,36,True,True,red_pad,target,True,False,,True,True,True,red_pad,True,False,False,landed,True,False,False,landed,68,16.2,1.6,2.3,2.6,28.1,blue_pad,2.28,0.58,0.01,True,True,True,True,True,True,True,canonical_evaluator_v2,True,False,True,True,1.613938808441162,DISARMED,,,,S,7,True,True,84,3.5262351036071777,,0.11235,416.0555203235189,1,61,False,True,
main,clean,ct-9510-blue_pad-mid_visible,field,h,mid,visible,Find the blue landing pad and land on it.,land,blue_pad,True,True,True,1,44,True,True,blue_pad,target,True,False,,True,True,True,blue_pad,True,True,False,landed,True,False,False,landed,44,25.3,1.3,1.3,2.6,27.3,blue_cone,1.35,0.61,0.03,True,True,True,True,True,True,True,canonical_evaluator_v2,False,True,True,True,1.5076720714569092,DISARMED,,,,S,0,True,True,0,0.0,0.04646,0.04646,387.07165940907504,2,66,False,True,
main,clean,ct-9510-blue_pad-mid_visible-approach,field,h,mid,approach,Approach the blue landing pad.,approach,blue_pad,True,True,True,1,23,True,True,blue_pad,target,True,False,,False,False,False,,False,True,True,hovered,True,False,False,model_stop,23,25.3,10.2,10.2,5.1,27.3,blue_cone,,,,,,False,,,,,,,,,,,,,,,S,0,False,False,0,0.0,0.04646,0.04646,386.3459559130087,3,71,False,True,
main,clean,ct-9511-blue_pad-mid_search,lot,h,mid,search,Find the blue landing pad and land on it.,land,blue_pad,True,True,False,1,55,True,True,blue_pad,target,True,False,,True,True,True,blue_pad,True,True,False,landed,True,False,False,landed,81,26.4,1.0,2.0,2.5,29.0,red_pad,1.95,0.63,0.01,True,True,True,True,True,True,True,canonical_evaluator_v2,False,True,True,True,1.5852041244506836,DISARMED,,,,S,26,True,True,312,12.305696725845337,,0.09986,394.336033827181,0,72,False,True,same_shape
main,clean,ct-9511-blue_pad-mid_search-approach,lot,h,mid,approach,Approach the blue landing pad.,approach,blue_pad,True,True,False,1,26,True,True,blue_pad,target,True,False,,False,False,False,,False,True,True,hovered,True,False,False,model_stop,52,26.4,12.0,12.0,8.2,29.0,red_pad,,,,,,False,,,,,,,,,,,,,,,S,26,False,False,312,12.256961345672607,,0.09972,389.78737605768504,1,77,False,True,same_shape
main,clean,ct-9512-blue_pad-mid_edge,field,i,mid,edge,Find the blue landing pad and land on it.,land,blue_pad,True,True,True,1,42,True,True,blue_pad,target,True,False,,True,True,True,blue_pad,True,True,False,landed,True,False,False,landed,42,21.9,3.1,3.1,2.5,40.6,blue_cylinder,3.09,0.6,0.06,True,True,True,True,True,True,True,canonical_evaluator_v2,False,True,True,True,1.521458625793457,DISARMED,,,,S,0,True,True,0,0.0,0.10667,0.10667,381.77381283332494,1,81,True,False,
main,clean,ct-9514-blue_pad-mid_pair,field,h,mid,pair,Find the blue landing pad and land on it.,land,blue_pad,True,True,True,1,35,True,True,blue_pad,target,True,False,,True,True,True,blue_pad,True,True,False,landed,True,False,False,landed,45,25.0,2.2,3.0,2.6,26.6,red_pad,3.02,0.66,0.09,True,True,True,True,True,True,True,canonical_evaluator_v2,False,True,True,True,1.502669334411621,DISARMED,,,,S,0,True,True,0,0.0,0.05563,0.05563,383.17056117777815,0,84,False,True,
main,clean,ct-9514-blue_pad-mid_pair-swapped,field,g,mid,swap,Find the blue landing pad and land on it.,land,blue_pad,True,True,False,1,48,True,True,blue_pad,target,True,False,,False,True,True,blue_pad,True,True,False,landed,True,False,False,landed,57,26.6,3.5,4.0,2.6,25.0,red_pad,4.02,0.59,0.06,True,True,True,True,True,True,True,canonical_evaluator_v2,False,True,True,True,1.5662355422973633,DISARMED,,,,S,9,True,True,108,3.419780731201172,,0.05927,403.84555708774235,1,89,False,True,same_shape
main,clean,ct-9514-blue_pad-mid_pair-find-red_pad,field,h,mid,query,Find the red landing pad.,approach,red_pad,True,True,False,1,28,True,True,red_pad,target,True,False,,False,False,False,,False,True,True,hovered,True,False,False,model_stop,37,26.6,9.8,9.8,5.4,25.0,blue_pad,,,,,,False,,,,,,,,,,,,,,,S,9,False,False,108,4.505413293838501,,0.0592,401.9611484594173,3,95,False,True,same_shape
main,clean,ct-9515-blue_pad-mid_past,field,j,mid,past,Find the blue landing pad and land on it.,land,blue_pad,True,True,False,1,50,True,True,blue_pad,target,True,False,,False,True,True,blue_pad,True,True,False,landed,True,False,False,landed,60,30.0,3.9,4.1,2.5,34.2,blue_cylinder,4.13,0.61,0.01,True,True,True,True,True,True,True,canonical_evaluator_v2,False,True,True,True,1.5270628929138184,DISARMED,,,,S,3,True,True,36,1.5384294986724854,,0.0546,399.3636322833481,0,96,True,False,same_color
main,clean,ct-9516-blue_pad-mid_visible2,lot,j,mid,visible2,Find the blue landing pad and land on it.,land,blue_pad,True,True,True,1,49,True,True,blue_pad,target,True,False,,True,True,True,blue_pad,True,True,False,landed,True,False,False,landed,49,30.1,0.1,0.9,2.6,32.4,blue_cone,0.87,0.62,0.04,True,True,True,True,True,True,True,canonical_evaluator_v2,False,True,True,True,1.5190415382385254,DISARMED,,,,S,0,True,True,0,0.0,0.02489,0.02489,382.66466544895854,1,101,True,False,
main,clean,ct-9518-blue_pad-mid_pair2,lot,i,mid,pair2,Find the blue landing pad and land on it.,land,blue_pad,True,True,True,1,40,True,True,blue_pad,target,True,False,,True,True,True,blue_pad,True,True,False,landed,True,False,False,landed,57,26.5,1.4,2.5,2.6,29.9,blue_cube,2.47,0.59,0.01,True,True,True,True,True,True,True,canonical_evaluator_v2,False,True,True,True,1.5965080261230469,DISARMED,,,,S,0,True,True,0,0.0,0.06457,0.06457,413.16060354384126,2,110,True,False,
main,clean,ct-9518-blue_pad-mid_pair2-swapped,lot,j,mid,swap,Find the blue landing pad and land on it.,land,blue_pad,True,True,False,2,60,True,True,blue_pad,target,True,False,,True,True,True,blue_pad,True,True,False,landed,True,False,False,landed,72,29.9,2.5,2.8,2.5,24.1,blue_cube,2.79,0.62,0.01,True,True,True,True,True,True,True,canonical_evaluator_v2,False,True,True,True,1.5361371040344238,DISARMED,,,,S,11,True,True,101,5.669216632843018,,0.05388,390.50905423608936,1,113,True,False,same_color
main,clean,ct-9518-blue_pad-mid_pair2-find-blue_cube,lot,i,mid,query,Find the blue cube.,approach,blue_cube,True,True,False,1,31,True,True,blue_cube,target,True,False,,False,False,False,,False,True,True,hovered,True,False,False,model_stop,40,29.9,10.6,10.6,8.3,26.5,blue_pad,,,,,,False,,,,,,,,,,,,,,,S,9,False,False,105,4.585922479629517,,0.05011,389.2023116500468,0,116,True,False,same_color
main,clean,ct-9519-red_pad-mid_red_visible,field,h,mid,red_visible,Find the red landing pad and land on it.,land,red_pad,True,True,True,4,97,True,True,red_pad,target,True,False,,True,True,True,red_pad,True,True,False,landed,True,False,False,landed,202,32.0,1.0,2.2,2.6,42.4,blue_pad,2.23,0.61,0.01,True,True,True,True,True,True,True,canonical_evaluator_v2,False,True,True,True,1.550856590270996,DISARMED,,,,S,0,True,True,0,0.0,0.03497,0.03497,395.5941291732289,2,122,False,True,
main,clean,ct-9520-red_pad-mid_red_search,lot,h,mid,red_search,Find the red landing pad and land on it.,land,red_pad,True,True,False,1,52,True,True,red_pad,target,True,False,,True,True,True,red_pad,True,True,False,landed,True,False,False,landed,57,25.6,0.1,1.3,2.5,33.5,blue_pad,1.33,0.6,0.02,True,True,True,True,True,True,True,canonical_evaluator_v2,False,True,True,True,1.54240083694458,DISARMED,,,,S,5,True,True,60,1.4938061237335205,,0.08212,396.67941452630896,3,127,False,True,
main,clean,ct-9521-blue_pad-far_visible,field,i,far,visible,Find the blue landing pad and land on it.,land,blue_pad,True,True,True,1,51,True,True,blue_pad,target,True,False,,True,True,True,blue_pad,True,True,False,landed,True,False,False,landed,59,33.4,2.8,3.4,2.5,40.3,blue_cylinder,3.38,0.6,0.01,True,True,True,True,True,True,True,canonical_evaluator_v2,False,True,True,True,1.5628576278686523,DISARMED,,,,S,0,True,True,0,0.0,0.02939,0.02939,391.57501372887117,1,129,True,False,
main,clean,ct-9521-blue_pad-far_visible-approach,field,i,far,approach,Approach the blue landing pad.,approach,blue_pad,True,True,True,1,31,True,True,blue_pad,target,True,False,,False,False,False,,False,True,True,hovered,True,False,False,model_stop,31,33.4,10.4,10.4,7.5,52.3,blue_cylinder,,,,,,False,,,,,,,,,,,,,,,S,0,False,False,0,0.0,0.02939,0.02939,388.1271334516749,3,135,True,False,
main,clean,ct-9522-blue_pad-far_search,lot,i,far,search,Find the blue landing pad and land on it.,land,blue_pad,True,True,False,3,82,True,True,blue_pad,target,True,False,,False,True,True,blue_pad,True,True,False,landed,True,False,False,landed,118,43.9,3.9,4.0,2.6,37.3,blue_cube,3.99,0.61,0.05,True,True,True,True,True,True,True,canonical_evaluator_v2,False,True,True,True,1.5152544975280762,DISARMED,,,,S,34,True,True,409,17.300115823745728,,0.01352,389.95443030507425,0,136,True,False,
main,clean,ct-9522-blue_pad-far_search-approach,lot,i,far,approach,Approach the blue landing pad.,approach,blue_pad,True,True,False,3,45,True,True,blue_pad,target,True,False,,False,False,False,,False,True,True,hovered,True,False,False,model_stop,81,43.9,9.7,9.7,5.5,40.1,blue_cube,,,,,,False,,,,,,,,,,,,,,,S,34,False,False,409,17.459940195083618,,0.01374,391.8196114567943,3,143,True,False,
main,clean,ct-9523-blue_pad-far_edge,field,j,far,edge,Find the blue landing pad and land on it.,land,blue_pad,True,True,True,1,57,True,True,blue_pad,target,True,False,,True,True,True,blue_pad,True,True,False,landed,True,False,False,landed,57,33.0,1.8,2.3,2.5,10.2,blue_cylinder,2.25,0.62,0.02,True,True,True,True,True,True,True,canonical_evaluator_v2,False,True,True,True,1.526102066040039,DISARMED,,,,S,0,True,True,0,0.0,0.04045,0.04045,393.42874287726056,2,146,True,False,
main,clean,ct-9524-blue_pad-far_pair,lot,h,far,pair,Find the blue landing pad and land on it.,land,blue_pad,True,True,True,1,62,True,True,blue_pad,target,True,False,,True,True,True,blue_pad,True,True,False,landed,True,False,False,landed,62,41.1,1.2,1.8,2.5,23.4,red_pad,1.81,0.61,0.03,True,True,True,True,True,True,True,canonical_evaluator_v2,False,True,True,True,1.558917760848999,DISARMED,,,,S,0,True,True,0,0.0,0.01131,0.01131,396.0836947257884,2,150,False,True,
main,clean,ct-9524-blue_pad-far_pair-swapped,lot,g,far,swap,Find the blue landing pad and land on it.,land,blue_pad,True,True,False,1,51,True,True,blue_pad,target,True,False,,True,True,True,blue_pad,True,True,False,landed,True,False,False,landed,55,24.3,0.9,1.6,2.5,38.5,red_pad,1.6,0.61,0.03,True,True,True,True,True,True,True,canonical_evaluator_v2,False,True,True,True,1.5385990142822266,DISARMED,,,,S,4,True,True,48,2.095150947570801,,0.09015,399.01822539990957,2,154,False,True,same_shape
main,clean,ct-9524-blue_pad-far_pair-find-red_pad,lot,h,far,query,Find the red landing pad.,approach,red_pad,True,True,False,1,26,True,True,red_pad,target,True,False,,False,False,False,,False,True,True,hovered,True,False,False,model_stop,30,24.3,10.2,10.2,5.9,39.8,blue_pad,,,,,,False,,,,,,,,,,,,,,,S,4,False,False,48,2.030032157897949,,0.09014,395.5271592333702,0,156,False,True,same_shape
main,clean,ct-9525-blue_pad-far_past,field,g,far,past,Find the blue landing pad and land on it.,land,blue_pad,True,True,False,1,50,True,True,blue_pad,target,True,False,,False,True,True,blue_pad,True,True,False,landed,True,False,False,landed,68,37.3,4.4,5.4,2.5,31.9,red_pad,5.35,0.59,0.03,True,True,True,True,True,True,True,canonical_evaluator_v2,False,True,True,True,1.6023716926574707,DISARMED,,,,S,8,True,True,95,4.0607616901397705,,0.02189,411.5195274117896,3,163,False,True,same_shape
main,clean,ct-9526-blue_pad-far_visible2,lot,g,far,visible2,Find the blue landing pad and land on it.,land,blue_pad,True,True,True,2,74,True,True,blue_pad,target,True,False,,True,True,True,blue_pad,True,True,False,landed,True,False,False,landed,110,41.0,1.7,2.0,2.5,40.7,blue_cone,1.96,0.61,0.02,True,True,True,True,True,True,True,canonical_evaluator_v2,False,True,True,True,1.5375208854675293,DISARMED,,,,S,0,True,True,0,0.0,0.01155,0.01155,397.4795340545577,2,166,False,True,
main,clean,ct-9527-blue_pad-far_behind,field,h,far,behind,Find the blue landing pad and land on it.,land,blue_pad,False,True,False,5,14,False,False,,none,False,False,,False,False,False,,False,False,False,neither,False,False,True,max_steps,320,42.8,42.8,80.9,5.5,20.9,blue_cone,,,,,,True,False,False,False,False,canonical_evaluator_v2,False,False,False,False,,FLYING,GROUNDING,passed over,B2_GROUNDING_FAILURE,F_GROUNDING,87,False,False,345,43.7130823135376,,0.00294,397.4186831656368,1,169,False,True,
main,clean,ct-9528-blue_pad-far_pair2,lot,j,far,pair2,Find the blue landing pad and land on it.,land,blue_pad,True,True,True,1,68,True,True,blue_pad,target,True,False,,True,True,True,blue_pad,True,True,False,landed,True,False,False,landed,68,41.6,3.4,3.7,2.6,33.2,blue_cube,3.66,0.61,0.01,True,True,True,True,True,True,True,canonical_evaluator_v2,False,True,True,True,1.5392370223999023,DISARMED,,,,S,0,True,True,0,0.0,0.01787,0.01787,386.63505792653586,2,174,True,False,
main,clean,ct-9528-blue_pad-far_pair2-swapped,lot,i,far,swap,Find the blue landing pad and land on it.,land,blue_pad,True,True,False,1,64,True,True,blue_pad,target,True,False,,True,True,True,blue_pad,True,True,False,landed,True,False,False,landed,69,34.9,2.4,2.6,2.5,35.0,blue_cube,2.58,0.63,0.02,True,True,True,True,True,True,True,canonical_evaluator_v2,False,True,True,True,1.5286707878112793,DISARMED,,,,S,5,True,True,60,2.545426607131958,,0.03492,390.81348228988855,0,176,True,False,same_color
main,clean,ct-9528-blue_pad-far_pair2-find-blue_cube,lot,j,far,query,Find the blue cube.,approach,blue_cube,True,True,False,1,37,True,True,blue_cube,target,True,False,,False,False,False,,False,True,True,hovered,True,False,False,model_stop,43,34.9,10.1,10.1,7.8,36.8,blue_pad,,,,,,False,,,,,,,,,,,,,,,S,6,False,False,68,3.0071935653686523,,0.0378,386.00473132551406,0,180,True,False,same_color
main,clean,ct-9529-red_pad-far_red_visible,field,i,far,red_visible,Find the red landing pad and land on it.,land,red_pad,True,True,True,1,48,True,True,red_pad,target,True,False,,True,True,True,red_pad,True,True,False,landed,True,False,False,landed,57,35.1,3.4,3.9,2.6,16.8,green_cylinder,3.9,0.61,0.04,True,True,True,True,True,True,True,canonical_evaluator_v2,False,True,True,True,1.5279793739318848,DISARMED,,,,S,0,True,True,0,0.0,0.01909,0.01909,392.6738691052857,0,184,True,False,
main,clean,ct-9530-red_pad-far_red_search,lot,i,far,red_search,Find the red landing pad and land on it.,land,red_pad,True,True,False,1,68,True,True,red_pad,target,True,False,,True,True,True,red_pad,True,True,False,landed,True,False,False,landed,76,37.0,1.1,1.7,2.5,40.7,red_cube,1.74,0.62,0.01,True,True,True,True,True,True,True,canonical_evaluator_v2,False,True,True,True,1.5073375701904297,DISARMED,,,,S,8,True,True,84,4.106866359710693,,0.03785,382.7684631973601,3,191,True,False,
main,clean,ct-9517-blue_pad-mid_behind,field,g,mid,behind,Find the blue landing pad and land on it.,land,blue_pad,True,True,False,1,52,True,True,blue_pad,target,True,False,,True,True,True,blue_pad,True,True,False,landed,True,False,False,landed,67,27.8,3.0,3.3,2.6,39.5,red_pad,3.3,0.61,0.03,True,True,True,True,True,True,True,canonical_evaluator_v2,False,True,True,True,1.538494348526001,DISARMED,,,,S,15,True,True,180,7.7797627449035645,,0.05348,400.5546898358954,2,106,False,True,
main,low,ct-9500-blue_pad-near_visible,field,g,near,visible,Find the blue landing pad and land on it.,land,blue_pad,True,True,True,1,37,True,True,blue_pad,target,True,False,,True,True,True,blue_pad,True,True,False,landed,True,False,False,landed,37,12.6,0.2,1.5,2.6,42.2,red_pad,1.54,0.56,0.01,True,True,True,True,True,True,True,canonical_evaluator_v2,False,True,True,True,1.5123131275177002,DISARMED,,,,S,0,True,True,0,0.0,0.35061,0.35061,381.0558231621574,0,0,False,True,
main,low,ct-9500-blue_pad-near_visible-approach,field,g,near,approach,Approach the blue landing pad.,approach,blue_pad,True,True,True,1,4,False,True,blue_pad,target,True,False,,False,False,False,,False,True,True,hovered,True,False,False,model_stop,4,12.6,12.6,12.6,8.1,44.0,red_pad,,,,,,False,,,,,,,,,,,,,,,S,0,False,False,0,0.0,0.35065,0.35065,388.81785299997773,0,4,False,True,
main,low,ct-9501-blue_pad-near_search,lot,g,near,search,Find the blue landing pad and land on it.,land,blue_pad,True,True,False,1,41,True,True,blue_pad,target,True,False,,False,True,True,blue_pad,True,True,False,landed,True,False,False,landed,82,14.7,4.5,6.0,2.5,30.9,red_pad,5.99,0.61,0.01,True,True,True,True,True,True,True,canonical_evaluator_v2,False,True,True,True,0.6113605499267578,DISARMED,,,,S,25,True,True,300,11.967193126678467,,,389.68161026832047,2,10,False,True,
main,low,ct-9501-blue_pad-near_search-approach,lot,g,near,approach,Approach the blue landing pad.,approach,blue_pad,True,True,False,1,17,True,True,blue_pad,target,True,False,,False,False,False,,False,True,True,hovered,True,False,False,model_stop,42,14.7,12.2,12.2,8.0,30.9,red_pad,,,,,,False,,,,,,,,,,,,,,,S,25,False,False,299,11.909065961837769,,,391.4829119762057,3,15,False,True,
main,low,ct-9502-blue_pad-near_edge,field,h,near,edge,Find the blue landing pad and land on it.,land,blue_pad,True,True,True,1,32,True,True,blue_pad,target,True,False,,False,True,True,blue_pad,True,True,False,landed,True,False,False,landed,32,12.3,5.2,5.3,2.5,36.9,red_pad,5.31,0.6,0.03,True,True,True,True,True,True,True,canonical_evaluator_v2,False,True,True,True,1.503678560256958,DISARMED,,,,S,0,True,True,0,0.0,0.2947,0.2947,381.2400394687714,3,19,False,True,
main,low,ct-9503-blue_pad-near_pair,lot,h,near,pair,Find the blue landing pad and land on it.,land,blue_pad,True,True,True,1,34,True,True,blue_pad,target,True,False,,True,True,True,blue_pad,True,True,False,landed,True,False,False,landed,34,16.2,2.9,2.9,2.5,35.2,red_pad,2.87,0.6,0.03,True,True,True,True,True,True,True,canonical_evaluator_v2,False,True,True,True,1.5423285961151123,DISARMED,,,,S,0,True,True,0,0.0,0.19587,0.19587,390.41369052943884,1,21,False,True,
main,low,ct-9503-blue_pad-near_pair-swapped,lot,g,near,swap,Find the blue landing pad and land on it.,land,blue_pad,True,True,False,1,56,True,True,blue_pad,target,True,False,,False,True,True,blue_pad,True,True,False,landed,True,False,False,landed,93,35.2,3.6,4.5,2.5,14.4,red_pad,4.48,0.61,0.06,True,True,True,True,True,True,True,canonical_evaluator_v2,False,True,True,True,1.5969061851501465,DISARMED,,,,S,31,True,True,335,15.054301023483276,,0.02821,393.5984305591226,3,27,False,True,same_shape
main,low,ct-9503-blue_pad-near_pair-find-red_pad,lot,h,near,query,Find the red landing pad.,approach,red_pad,True,True,False,1,38,True,True,red_pad,target,True,False,,False,False,False,,False,True,True,hovered,True,False,False,model_stop,66,35.2,10.6,10.6,5.9,16.2,blue_pad,,,,,,False,,,,,,,,,,,,,,,S,28,False,False,335,13.38755750656128,,0.03097,393.4167907272598,1,29,False,True,same_shape
main,low,ct-9504-blue_pad-near_past,field,i,near,past,Find the blue landing pad and land on it.,land,blue_pad,True,True,False,1,35,True,True,blue_pad,target,True,False,,False,True,True,blue_pad,True,True,False,landed,True,False,False,landed,51,14.2,4.4,5.5,2.5,37.1,blue_cylinder,5.53,0.66,0.02,True,True,True,True,True,True,True,canonical_evaluator_v2,False,True,True,True,1.501054286956787,DISARMED,,,,S,3,True,True,36,1.5524823665618896,,,383.10951331373764,0,32,True,False,same_color
main,low,ct-9505-blue_pad-near_visible2,lot,i,near,visible2,Find the blue landing pad and land on it.,land,blue_pad,True,True,True,1,39,True,True,blue_pad,target,True,False,,True,True,True,blue_pad,True,True,False,landed,True,False,False,landed,39,16.7,1.6,2.4,2.5,40.2,blue_cube,2.44,0.64,0.02,True,True,True,True,True,True,True,canonical_evaluator_v2,False,True,True,True,1.5025570392608643,DISARMED,,,,S,0,True,True,0,0.0,0.24614,0.24614,382.6614273846248,0,36,True,False,
main,low,ct-9506-blue_pad-near_behind,field,j,near,behind,Find the blue landing pad and land on it.,land,blue_pad,True,True,False,1,32,True,True,blue_pad,target,True,False,,False,True,True,blue_pad,True,True,False,landed,True,False,False,landed,60,16.4,4.7,5.6,2.5,41.5,blue_cylinder,5.61,0.62,0.01,True,True,True,True,True,True,True,canonical_evaluator_v2,False,True,True,True,1.5039441585540771,DISARMED,,,,S,15,True,True,180,7.618379831314087,,0.10485,382.851150150024,3,43,True,False,
main,low,ct-9507-blue_pad-near_pair2,lot,j,near,pair2,Find the blue landing pad and land on it.,land,blue_pad,True,True,True,1,43,True,True,blue_pad,target,True,False,,True,True,True,blue_pad,True,True,False,landed,True,False,False,landed,43,17.6,0.9,2.2,2.5,39.3,blue_cube,2.21,0.62,0.01,True,True,True,True,True,True,True,canonical_evaluator_v2,False,True,True,True,1.5013012886047363,DISARMED,,,,S,0,True,True,0,0.0,0.22187,0.22187,382.81553746510116,3,47,True,False,
main,low,ct-9507-blue_pad-near_pair2-swapped,lot,i,near,swap,Find the blue landing pad and land on it.,land,blue_pad,False,False,False,0,0,False,False,,none,False,False,,False,False,False,,False,True,True,hovered,False,False,False,model_stop,20,39.6,39.6,39.9,8.7,15.7,blue_cube,,,,,,True,False,False,False,False,canonical_evaluator_v2,False,False,False,False,,FLYING,SEARCH,stopped by itself,B1_SEARCH_FAILURE,F_SEARCH,,False,False,,,,,381.6719394500069,2,50,True,False,same_color
main,low,ct-9507-blue_pad-near_pair2-find-blue_cube,lot,j,near,query,Find the blue cube.,approach,blue_cube,False,False,False,0,0,False,False,blue_pad,same colour,False,True,blue_pad,False,False,False,,False,True,True,hovered,True,False,False,model_stop,16,39.6,39.3,39.4,8.8,10.1,blue_pad,,,,,,False,,,,,,,,,,,,SEARCH,stopped by itself,B1_SEARCH_FAILURE,F_SEARCH,,False,False,,,,,382.3946175000401,1,53,True,False,same_color
main,low,ct-9508-red_pad-near_red_visible,field,g,near,red_visible,Find the red landing pad and land on it.,land,red_pad,True,True,True,1,32,True,True,red_pad,target,True,False,,True,True,True,red_pad,True,True,False,landed,True,False,False,landed,32,14.0,1.8,1.8,2.5,40.2,blue_pad,1.83,0.59,0.07,True,True,True,True,True,True,True,canonical_evaluator_v2,False,True,True,True,1.5074455738067627,DISARMED,,,,S,0,True,True,0,0.0,0.37916,0.37916,396.926653781307,0,56,False,True,
main,low,ct-9509-red_pad-near_red_search,lot,g,near,red_search,Find the red landing pad and land on it.,land,red_pad,True,True,False,1,45,True,True,red_pad,target,True,False,,False,True,True,red_pad,True,True,False,landed,True,False,False,landed,52,16.2,3.8,4.1,2.5,28.1,blue_pad,4.14,0.59,0.01,True,True,True,True,True,True,True,canonical_evaluator_v2,False,True,True,True,1.597426176071167,DISARMED,,,,S,7,True,True,84,3.5082879066467285,,0.1119,412.36867340386686,3,63,False,True,
main,low,ct-9510-blue_pad-mid_visible,field,h,mid,visible,Find the blue landing pad and land on it.,land,blue_pad,True,True,True,1,39,True,True,blue_pad,target,True,False,,False,True,True,blue_pad,True,True,False,landed,True,False,False,landed,44,25.3,4.3,4.5,2.5,27.3,blue_cone,4.55,0.59,0.04,True,True,True,True,True,True,True,canonical_evaluator_v2,False,True,True,True,1.5144939422607422,DISARMED,,,,S,0,True,True,0,0.0,0.04646,0.04646,384.7069645227066,1,65,False,True,
main,low,ct-9510-blue_pad-mid_visible-approach,field,h,mid,approach,Approach the blue landing pad.,approach,blue_pad,True,True,True,1,24,True,True,blue_pad,target,True,False,,False,False,False,,False,True,True,hovered,True,False,False,model_stop,24,25.3,9.8,9.8,5.1,27.3,blue_cone,,,,,,False,,,,,,,,,,,,,,,S,0,False,False,0,0.0,0.04646,0.04646,383.7978498332859,0,68,False,True,
main,low,ct-9511-blue_pad-mid_search,lot,h,mid,search,Find the blue landing pad and land on it.,land,blue_pad,True,True,False,1,47,True,True,blue_pad,target,True,False,,False,True,True,blue_pad,True,True,False,landed,True,False,False,landed,81,26.4,5.3,5.5,2.5,29.0,red_pad,5.54,0.62,0.01,True,True,True,True,True,True,True,canonical_evaluator_v2,False,True,True,True,1.5233840942382812,DISARMED,,,,S,27,True,True,323,13.823235034942627,,0.09644,395.36321930864005,3,75,False,True,same_shape
main,low,ct-9511-blue_pad-mid_search-approach,lot,h,mid,approach,Approach the blue landing pad.,approach,blue_pad,True,True,False,1,25,True,True,blue_pad,target,True,False,,False,False,False,,False,True,True,hovered,True,False,False,model_stop,52,26.4,11.7,11.7,8.2,29.0,red_pad,,,,,,False,,,,,,,,,,,,,,,S,27,True,False,323,12.73313045501709,,0.09664,390.7597292884912,0,76,False,True,same_shape
main,low,ct-9512-blue_pad-mid_edge,field,i,mid,edge,Find the blue landing pad and land on it.,land,blue_pad,True,True,True,1,38,True,True,blue_pad,target,True,False,,False,True,True,blue_pad,True,True,False,landed,True,False,False,landed,44,21.9,4.3,4.4,2.5,39.4,blue_cylinder,4.35,0.6,0.04,True,True,True,True,True,True,True,canonical_evaluator_v2,False,True,True,True,1.5073907375335693,DISARMED,,,,S,0,True,True,0,0.0,0.10668,0.10668,381.161568749948,2,82,True,False,
main,low,ct-9514-blue_pad-mid_pair,field,h,mid,pair,Find the blue landing pad and land on it.,land,blue_pad,True,True,True,1,36,True,True,blue_pad,target,True,False,,True,True,True,blue_pad,True,True,False,landed,True,False,False,landed,43,25.0,2.2,3.3,2.6,26.6,red_pad,3.27,0.6,0.1,True,True,True,True,True,True,True,canonical_evaluator_v2,False,True,True,True,1.501335859298706,DISARMED,,,,S,0,True,True,0,0.0,0.05563,0.05563,384.37569174411055,2,86,False,True,
main,low,ct-9514-blue_pad-mid_pair-swapped,field,g,mid,swap,Find the blue landing pad and land on it.,land,blue_pad,True,True,False,1,42,True,True,blue_pad,target,True,False,,True,True,True,blue_pad,True,True,False,landed,True,False,False,landed,60,26.6,2.8,3.7,2.6,25.0,red_pad,3.7,0.58,0.06,True,True,True,True,True,True,True,canonical_evaluator_v2,False,True,True,True,1.595149278640747,DISARMED,,,,S,9,True,True,108,4.547096252441406,,0.05924,407.1102866167166,0,88,False,True,same_shape
main,low,ct-9514-blue_pad-mid_pair-find-red_pad,field,h,mid,query,Find the red landing pad.,approach,red_pad,True,True,False,1,27,True,True,red_pad,target,True,False,,False,False,False,,False,True,True,hovered,True,False,False,model_stop,36,26.6,9.9,9.9,5.4,25.0,blue_pad,,,,,,False,,,,,,,,,,,,,,,S,9,False,False,108,4.522511959075928,,0.05904,402.3131216666166,1,93,False,True,same_shape
main,low,ct-9515-blue_pad-mid_past,field,j,mid,past,Find the blue landing pad and land on it.,land,blue_pad,True,True,False,1,52,True,True,blue_pad,target,True,False,,False,True,True,blue_pad,True,True,False,landed,True,False,False,landed,62,30.0,5.7,6.0,2.5,33.0,blue_cylinder,6.03,0.61,0.01,True,True,True,True,True,True,True,canonical_evaluator_v2,False,True,True,True,1.5013947486877441,DISARMED,,,,S,3,True,True,36,1.5354206562042236,,0.05454,399.02838030641965,2,98,True,False,same_color
main,low,ct-9516-blue_pad-mid_visible2,lot,j,mid,visible2,Find the blue landing pad and land on it.,land,blue_pad,True,True,True,1,53,True,True,blue_pad,target,True,False,,True,True,True,blue_pad,True,True,False,landed,True,False,False,landed,53,30.1,0.4,1.9,2.5,32.4,blue_cone,1.92,0.61,0.06,True,True,True,True,True,True,True,canonical_evaluator_v2,False,True,True,True,1.5098793506622314,DISARMED,,,,S,0,True,True,0,0.0,0.02489,0.02489,385.4663261887116,2,102,True,False,
main,low,ct-9517-blue_pad-mid_behind,field,g,mid,behind,Find the blue landing pad and land on it.,land,blue_pad,True,True,False,1,52,True,True,blue_pad,target,True,False,,False,True,True,blue_pad,True,True,False,landed,True,False,False,landed,67,27.8,3.8,4.0,2.6,39.0,red_pad,3.99,0.68,0.06,True,True,True,True,True,True,True,canonical_evaluator_v2,False,True,True,True,1.5078809261322021,DISARMED,,,,S,15,True,True,180,7.530042409896851,,0.05348,388.2958971940318,3,107,False,True,
main,low,ct-9518-blue_pad-mid_pair2,lot,i,mid,pair2,Find the blue landing pad and land on it.,land,blue_pad,True,True,True,1,40,True,True,blue_pad,target,True,False,,True,True,True,blue_pad,True,True,False,landed,True,False,False,landed,49,26.5,1.4,2.7,2.6,29.9,blue_cube,2.68,0.67,0.01,True,True,True,True,True,True,True,canonical_evaluator_v2,False,True,True,True,1.553900957107544,DISARMED,,,,S,0,True,True,0,0.0,0.06456,0.06456,413.0858115307333,3,111,True,False,
main,low,ct-9518-blue_pad-mid_pair2-swapped,lot,j,mid,swap,Find the blue landing pad and land on it.,land,blue_pad,False,False,False,0,0,False,False,,none,False,False,,False,False,False,,False,True,True,hovered,False,False,False,model_stop,27,29.9,29.8,29.8,8.3,25.7,blue_cube,,,,,,True,False,False,False,False,canonical_evaluator_v2,False,False,False,False,,FLYING,SEARCH,stopped by itself,B1_SEARCH_FAILURE,F_SEARCH,,False,False,,,,,402.16160162964553,2,114,True,False,same_color
main,low,ct-9518-blue_pad-mid_pair2-find-blue_cube,lot,i,mid,query,Find the blue cube.,approach,blue_cube,False,False,False,0,0,False,False,blue_pad,same colour,False,True,blue_pad,False,False,False,,False,True,True,hovered,True,False,False,model_stop,22,29.9,29.9,35.2,8.3,11.3,blue_pad,,,,,,False,,,,,,,,,,,,SEARCH,stopped by itself,B1_SEARCH_FAILURE,F_SEARCH,,False,False,,,,,413.93504381808685,2,118,True,False,same_color
main,low,ct-9519-red_pad-mid_red_visible,field,h,mid,red_visible,Find the red landing pad and land on it.,land,red_pad,True,True,True,1,56,True,True,red_pad,target,True,False,,False,True,True,red_pad,True,True,False,landed,True,False,False,landed,56,32.0,3.7,3.8,2.5,38.4,blue_pad,3.8,0.62,0.01,True,True,True,True,True,True,True,canonical_evaluator_v2,False,True,True,True,1.5284454822540283,DISARMED,,,,S,0,True,True,0,0.0,0.03497,0.03497,391.20271575003636,0,120,False,True,
main,low,ct-9520-red_pad-mid_red_search,lot,h,mid,red_search,Find the red landing pad and land on it.,land,red_pad,True,True,False,1,51,True,True,red_pad,target,True,False,,True,True,True,red_pad,True,True,False,landed,True,False,False,landed,56,25.6,3.2,3.6,2.6,33.5,blue_pad,3.59,0.59,0.03,True,True,True,True,True,True,True,canonical_evaluator_v2,False,True,True,True,1.5329937934875488,DISARMED,,,,S,5,True,True,60,2.538240909576416,,0.08217,399.22355232140814,2,126,False,True,
main,low,ct-9521-blue_pad-far_visible,field,i,far,visible,Find the blue landing pad and land on it.,land,blue_pad,True,True,True,1,51,True,True,blue_pad,target,True,False,,True,True,True,blue_pad,True,True,False,landed,True,False,False,landed,59,33.4,2.8,3.3,2.5,40.4,blue_cylinder,3.34,0.6,0.01,True,True,True,True,True,True,True,canonical_evaluator_v2,False,True,True,True,1.5481884479522705,DISARMED,,,,S,0,True,True,0,0.0,0.02939,0.02939,389.5119659491992,2,130,True,False,
main,low,ct-9521-blue_pad-far_visible-approach,field,i,far,approach,Approach the blue landing pad.,approach,blue_pad,True,True,True,1,29,True,True,blue_pad,target,True,False,,False,False,False,,False,True,True,hovered,True,False,False,model_stop,29,33.4,11.9,11.9,7.6,53.7,blue_cylinder,,,,,,False,,,,,,,,,,,,,,,S,0,False,False,0,0.0,0.02939,0.02939,387.4344976897317,0,132,True,False,
main,low,ct-9522-blue_pad-far_search,lot,i,far,search,Find the blue landing pad and land on it.,land,blue_pad,False,True,False,1,5,False,False,,none,False,False,,False,False,False,,False,True,True,hovered,False,False,False,model_stop,47,43.9,41.5,41.5,5.5,52.5,blue_cube,,,,,,True,False,False,False,False,canonical_evaluator_v2,False,False,False,False,,FLYING,GROUNDING,stopped by itself,B2_GROUNDING_FAILURE,F_GROUNDING,42,False,False,410,20.434322357177734,,0.01275,392.2874935318798,1,137,True,False,
main,low,ct-9522-blue_pad-far_search-approach,lot,i,far,approach,Approach the blue landing pad.,approach,blue_pad,False,True,False,2,9,False,False,,none,False,False,,False,False,False,,False,True,True,hovered,True,False,False,model_stop,45,43.9,42.6,42.6,5.5,54.5,blue_cube,,,,,,False,,,,,,,,,,,,GROUNDING,passed over,B2_GROUNDING_FAILURE,F_GROUNDING,34,False,False,399,16.190515756607056,,0.01281,388.1000544222843,1,141,True,False,
main,low,ct-9523-blue_pad-far_edge,field,j,far,edge,Find the blue landing pad and land on it.,land,blue_pad,True,True,True,2,58,True,True,blue_pad,target,True,False,,False,True,True,blue_pad,True,True,False,landed,True,False,False,landed,59,33.0,3.8,4.0,2.5,10.2,blue_cylinder,4.02,0.6,0.02,True,True,True,True,True,True,True,canonical_evaluator_v2,False,True,True,True,1.5345981121063232,DISARMED,,,,S,0,True,True,0,0.0,0.04044,0.04044,393.4255423729787,0,144,True,False,
main,low,ct-9524-blue_pad-far_pair,lot,h,far,pair,Find the blue landing pad and land on it.,land,blue_pad,True,True,True,1,61,True,True,blue_pad,target,True,False,,True,True,True,blue_pad,True,True,False,landed,True,False,False,landed,61,41.1,1.2,2.2,2.5,23.4,red_pad,2.17,0.6,0.05,True,True,True,True,True,True,True,canonical_evaluator_v2,False,True,True,True,1.5600967407226562,DISARMED,,,,S,0,True,True,0,0.0,0.01131,0.01131,399.4631658032348,0,148,False,True,
main,low,ct-9524-blue_pad-far_pair-swapped,lot,g,far,swap,Find the blue landing pad and land on it.,land,blue_pad,True,True,False,1,48,True,True,blue_pad,target,True,False,,False,True,True,blue_pad,True,True,False,landed,True,False,False,landed,52,24.3,3.6,3.8,2.5,37.6,red_pad,3.75,0.61,0.04,True,True,True,True,True,True,True,canonical_evaluator_v2,False,True,True,True,1.5429680347442627,DISARMED,,,,S,4,True,True,48,2.0947463512420654,,0.09008,399.07879301925345,1,153,False,True,same_shape
main,low,ct-9524-blue_pad-far_pair-find-red_pad,lot,h,far,query,Find the red landing pad.,approach,red_pad,True,True,False,1,26,True,True,red_pad,target,True,False,,False,False,False,,False,True,True,hovered,True,False,False,model_stop,30,24.3,9.9,9.9,5.9,39.5,blue_pad,,,,,,False,,,,,,,,,,,,,,,S,4,False,False,48,2.0608017444610596,,0.09018,397.3679340666119,3,159,False,True,same_shape
main,low,ct-9525-blue_pad-far_past,field,g,far,past,Find the blue landing pad and land on it.,land,blue_pad,True,True,False,2,54,True,True,blue_pad,target,True,False,,False,True,True,blue_pad,True,True,False,landed,True,False,False,landed,74,37.3,4.5,5.4,2.5,30.4,red_pad,5.42,0.24,0.03,True,True,True,True,True,True,True,canonical_evaluator_v2,False,True,True,True,1.6119184494018555,DISARMED,,,,S,9,True,True,90,4.552359580993652,,0.02017,412.2715844459398,2,162,False,True,same_shape
main,low,ct-9526-blue_pad-far_visible2,lot,g,far,visible2,Find the blue landing pad and land on it.,land,blue_pad,True,True,True,1,58,True,True,blue_pad,target,True,False,,False,True,True,blue_pad,True,True,False,landed,True,False,False,landed,64,41.0,4.8,4.9,2.5,38.6,red_pad,4.91,0.58,0.01,True,True,True,True,True,True,True,canonical_evaluator_v2,False,True,True,True,1.5584156513214111,DISARMED,,,,S,0,True,True,0,0.0,0.01155,0.01155,395.81403265624715,1,165,False,True,
main,low,ct-9527-blue_pad-far_behind,field,h,far,behind,Find the blue landing pad and land on it.,land,blue_pad,True,True,False,1,68,True,True,blue_pad,target,True,False,,True,True,True,blue_pad,True,True,False,landed,True,False,False,landed,88,42.8,3.2,3.3,2.6,20.9,blue_cone,3.26,0.62,0.07,True,True,True,True,True,True,True,canonical_evaluator_v2,False,True,True,True,1.5796446800231934,DISARMED,,,,S,20,True,True,194,9.310150146484375,,0.01455,392.71213168189496,3,171,False,True,
main,low,ct-9528-blue_pad-far_pair2,lot,j,far,pair2,Find the blue landing pad and land on it.,land,blue_pad,True,True,True,2,69,True,True,blue_pad,target,True,False,,False,True,True,blue_pad,True,True,False,landed,True,False,False,landed,70,41.6,4.6,5.0,2.5,33.6,blue_cube,5.05,0.62,0.01,True,True,True,True,True,True,True,canonical_evaluator_v2,False,True,True,True,1.5230762958526611,DISARMED,,,,S,0,True,True,0,0.0,0.01787,0.01787,387.08228829996835,1,173,True,False,
main,low,ct-9528-blue_pad-far_pair2-swapped,lot,i,far,swap,Find the blue landing pad and land on it.,land,blue_pad,False,True,False,1,6,False,False,,none,False,False,,False,False,False,,False,True,True,hovered,False,False,False,model_stop,15,34.9,34.9,34.9,7.7,41.6,blue_cube,,,,,,True,False,False,False,False,canonical_evaluator_v2,False,False,False,False,,FLYING,GROUNDING,stopped by itself,B2_GROUNDING_FAILURE,F_GROUNDING,9,False,False,46,4.555617809295654,,0.03325,387.2809299999669,1,177,True,False,same_color
main,low,ct-9528-blue_pad-far_pair2-find-blue_cube,lot,j,far,query,Find the blue cube.,approach,blue_cube,True,True,False,1,33,True,True,blue_cube,target,True,False,,False,False,False,,False,True,True,hovered,True,False,False,model_stop,59,34.9,10.3,10.3,7.8,26.7,blue_pad,,,,,,False,,,,,,,,,,,,,,,S,26,False,False,109,13.159145593643188,,0.04764,387.1725882712226,1,181,True,False,same_color
main,low,ct-9529-red_pad-far_red_visible,field,i,far,red_visible,Find the red landing pad and land on it.,land,red_pad,True,True,True,1,47,True,True,red_pad,target,True,False,,True,True,True,red_pad,True,True,False,landed,True,False,False,landed,55,35.1,3.1,3.4,2.6,16.8,green_cylinder,3.41,0.62,0.04,True,True,True,True,True,True,True,canonical_evaluator_v2,False,True,True,True,1.5606787204742432,DISARMED,,,,S,0,True,True,0,0.0,0.01909,0.01909,393.31414945461967,3,187,True,False,
main,low,ct-9530-red_pad-far_red_search,lot,i,far,red_search,Find the red landing pad and land on it.,land,red_pad,False,False,False,0,0,False,False,,none,False,False,,False,False,False,,False,True,True,hovered,False,False,False,model_stop,7,37.0,37.0,37.0,7.9,62.0,red_cube,,,,,,True,False,False,False,False,canonical_evaluator_v2,False,False,False,False,,FLYING,SEARCH,stopped by itself,B1_SEARCH_FAILURE,F_SEARCH,,False,False,,,,,389.01728528539286,2,190,True,False,
main,medium,ct-9500-blue_pad-near_visible,field,g,near,visible,Find the blue landing pad and land on it.,land,blue_pad,False,True,True,1,40,True,True,blue_pad,target,True,False,,True,True,False,,False,True,False,neither,False,False,False,model_stop,40,12.6,0.2,1.3,2.6,42.2,red_pad,,,,,,True,False,False,False,False,canonical_evaluator_v2,False,False,False,False,,LANDING_DESCENT,DESCENT,stopped by itself,B6_TOUCHDOWN_FAILURE,F_TOUCHDOWN,0,True,True,0,0.0,0.35063,0.35063,379.7859205249722,2,2,False,True,
main,medium,ct-9500-blue_pad-near_visible-approach,field,g,near,approach,Approach the blue landing pad.,approach,blue_pad,True,True,True,1,12,True,True,blue_pad,target,True,False,,False,False,False,,False,True,True,hovered,True,False,False,model_stop,12,12.6,10.3,10.3,8.2,43.4,red_pad,,,,,,False,,,,,,,,,,,,,,,S,0,True,False,0,0.0,0.35069,0.35069,381.6474129166636,2,6,False,True,
main,medium,ct-9501-blue_pad-near_search,lot,g,near,search,Find the blue landing pad and land on it.,land,blue_pad,False,True,False,1,26,True,True,blue_pad,target,True,False,,False,False,False,,False,True,True,hovered,False,False,False,model_stop,59,14.7,5.3,5.3,8.0,30.3,red_pad,,,,,,True,False,False,False,False,canonical_evaluator_v2,False,False,False,False,,FLYING,ALIGNMENT,hovered instead of landing,B4_ALIGNMENT_FAILURE,F_ALIGNMENT,33,True,True,299,16.99601459503174,,,391.5616428644017,0,8,False,True,
main,medium,ct-9501-blue_pad-near_search-approach,lot,g,near,approach,Approach the blue landing pad.,approach,blue_pad,True,True,False,1,25,True,True,blue_pad,target,True,False,,False,False,False,,False,True,True,hovered,True,False,False,model_stop,53,14.7,12.4,12.4,8.2,30.9,red_pad,,,,,,False,,,,,,,,,,,,,,,S,28,False,False,302,14.324538707733154,,,387.8880312452712,1,13,False,True,
main,medium,ct-9502-blue_pad-near_edge,field,h,near,edge,Find the blue landing pad and land on it.,land,blue_pad,True,True,True,1,34,True,True,blue_pad,target,True,False,,False,True,True,blue_pad,True,True,False,landed,True,False,False,landed,34,12.3,4.9,4.9,2.5,37.7,red_pad,4.91,0.62,0.02,True,True,True,True,True,True,True,canonical_evaluator_v2,False,True,True,True,1.5082554817199707,DISARMED,,,,S,0,True,True,0,0.0,0.29469,0.29469,380.7365087647186,1,17,False,True,
main,medium,ct-9503-blue_pad-near_pair,lot,h,near,pair,Find the blue landing pad and land on it.,land,blue_pad,True,True,True,1,44,True,True,blue_pad,target,True,False,,True,True,True,blue_pad,True,True,False,landed,True,False,False,landed,55,16.2,2.8,4.5,2.6,35.2,red_pad,4.51,0.63,0.07,True,True,True,True,True,True,True,canonical_evaluator_v2,False,True,True,True,1.528428316116333,DISARMED,,,,S,0,True,True,0,0.0,0.1959,0.1959,389.2910098727374,2,22,False,True,
main,medium,ct-9503-blue_pad-near_pair-swapped,lot,g,near,swap,Find the blue landing pad and land on it.,land,blue_pad,False,True,False,1,5,False,False,,none,False,False,,False,False,False,,False,True,True,hovered,False,False,False,model_stop,34,35.2,35.2,35.2,5.9,16.2,red_pad,,,,,,True,False,False,False,False,canonical_evaluator_v2,False,False,False,False,,FLYING,GROUNDING,stopped by itself,B2_GROUNDING_FAILURE,F_GROUNDING,29,False,False,340,15.028332948684692,,0.03299,396.3760509117733,0,24,False,True,same_shape
main,medium,ct-9503-blue_pad-near_pair-find-red_pad,lot,h,near,query,Find the red landing pad.,approach,red_pad,True,True,False,1,41,True,True,red_pad,target,True,False,,False,False,False,,False,True,True,hovered,True,False,False,model_stop,69,35.2,9.9,9.9,6.0,16.2,blue_pad,,,,,,False,,,,,,,,,,,,,,,S,28,False,False,334,14.392659902572632,,0.03029,392.3632681304179,2,30,False,True,same_shape
main,medium,ct-9504-blue_pad-near_past,field,i,near,past,Find the blue landing pad and land on it.,land,blue_pad,False,True,False,1,24,True,True,blue_pad,target,True,False,,False,False,False,,False,True,True,hovered,False,False,False,model_stop,27,14.2,5.8,5.8,6.4,39.8,blue_cylinder,,,,,,True,False,False,False,False,canonical_evaluator_v2,False,False,False,False,,FLYING,ALIGNMENT,hovered instead of landing,B4_ALIGNMENT_FAILURE,F_ALIGNMENT,3,True,True,34,1.512909173965454,,,383.24858788889657,3,35,True,False,same_color
main,medium,ct-9505-blue_pad-near_visible2,lot,i,near,visible2,Find the blue landing pad and land on it.,land,blue_pad,True,True,True,1,48,True,True,blue_pad,target,True,False,,True,True,True,blue_pad,True,True,False,landed,True,False,False,landed,48,16.7,1.7,2.3,2.5,40.1,blue_cube,2.32,0.64,0.02,True,True,True,True,True,True,True,canonical_evaluator_v2,False,True,True,True,1.5024371147155762,DISARMED,,,,S,0,True,True,0,0.0,0.24613,0.24613,383.96825760414305,2,38,True,False,
main,medium,ct-9506-blue_pad-near_behind,field,j,near,behind,Find the blue landing pad and land on it.,land,blue_pad,False,True,False,1,29,True,True,blue_pad,target,True,False,,False,False,False,,False,True,True,hovered,False,False,False,model_stop,44,16.4,5.3,5.3,6.6,41.5,blue_cylinder,,,,,,True,False,False,False,False,canonical_evaluator_v2,False,False,False,False,,FLYING,ALIGNMENT,hovered instead of landing,B4_ALIGNMENT_FAILURE,F_ALIGNMENT,15,True,True,179,6.628732442855835,,0.10123,383.29433690907166,0,40,True,False,
main,medium,ct-9507-blue_pad-near_pair2,lot,j,near,pair2,Find the blue landing pad and land on it.,land,blue_pad,True,True,True,1,48,True,True,blue_pad,target,True,False,,True,True,True,blue_pad,True,True,False,landed,True,False,False,landed,48,17.6,0.8,2.0,2.5,39.3,blue_cube,1.96,0.61,0.0,True,True,True,True,True,True,True,canonical_evaluator_v2,False,True,True,True,1.4959235191345215,DISARMED,,,,S,0,True,True,0,0.0,0.22187,0.22187,382.8988345624775,0,44,True,False,
main,medium,ct-9507-blue_pad-near_pair2-swapped,lot,i,near,swap,Find the blue landing pad and land on it.,land,blue_pad,False,False,False,0,0,False,False,,none,False,False,,False,False,False,,False,True,True,hovered,False,False,False,model_stop,8,39.6,39.6,39.6,8.7,17.6,blue_cube,,,,,,True,False,False,False,False,canonical_evaluator_v2,False,False,False,False,,FLYING,SEARCH,stopped by itself,B1_SEARCH_FAILURE,F_SEARCH,,False,False,,,,,378.6703232501054,3,51,True,False,same_color
main,medium,ct-9507-blue_pad-near_pair2-find-blue_cube,lot,j,near,query,Find the blue cube.,approach,blue_cube,False,False,False,0,0,False,False,blue_pad,same colour,False,True,blue_pad,False,False,False,,False,True,True,hovered,True,False,False,model_stop,39,39.6,39.3,40.4,8.8,3.7,blue_pad,,,,,,False,,,,,,,,,,,,SEARCH,stopped by itself,B1_SEARCH_FAILURE,F_SEARCH,,False,False,,,,,382.53637699999206,0,52,True,False,same_color
main,medium,ct-9508-red_pad-near_red_visible,field,g,near,red_visible,Find the red landing pad and land on it.,land,red_pad,True,True,True,1,30,True,True,red_pad,target,True,False,,True,True,True,red_pad,True,True,False,landed,True,False,False,landed,42,14.0,1.8,3.7,2.6,39.2,blue_pad,3.66,0.58,0.06,True,True,True,True,True,True,True,canonical_evaluator_v2,False,True,True,True,1.6187527179718018,DISARMED,,,,S,0,True,True,0,0.0,0.37916,0.37916,404.66433530947313,1,57,False,True,
main,medium,ct-9509-red_pad-near_red_search,lot,g,near,red_search,Find the red landing pad and land on it.,land,red_pad,False,True,False,1,45,True,True,red_pad,target,True,False,,False,True,False,,False,True,False,neither,False,False,False,model_stop,52,16.2,4.0,4.2,6.8,28.1,blue_pad,,,,,,True,False,False,False,False,canonical_evaluator_v2,False,False,False,False,,LANDING_DESCENT,ALIGNMENT,stopped by itself,B4_ALIGNMENT_FAILURE,F_ALIGNMENT,7,True,True,84,3.502729654312134,,0.11141,411.8212898269331,2,62,False,True,
main,medium,ct-9510-blue_pad-mid_visible,field,h,mid,visible,Find the blue landing pad and land on it.,land,blue_pad,True,True,True,1,42,True,True,blue_pad,target,True,False,,False,True,True,blue_pad,True,True,False,landed,True,False,False,landed,49,25.3,4.0,4.2,2.5,27.3,blue_cone,4.21,0.62,0.02,True,True,True,True,True,True,True,canonical_evaluator_v2,False,True,True,True,1.5037405490875244,DISARMED,,,,S,0,True,True,0,0.0,0.04646,0.04646,385.47505448980013,0,64,False,True,
main,medium,ct-9510-blue_pad-mid_visible-approach,field,h,mid,approach,Approach the blue landing pad.,approach,blue_pad,True,True,True,1,28,True,True,blue_pad,target,True,False,,False,False,False,,False,True,True,hovered,True,False,False,model_stop,28,25.3,9.1,9.1,5.2,27.3,blue_cone,,,,,,False,,,,,,,,,,,,,,,S,0,False,False,0,0.0,0.04647,0.04647,382.5481334285996,2,70,False,True,
main,medium,ct-9511-blue_pad-mid_search,lot,h,mid,search,Find the blue landing pad and land on it.,land,blue_pad,False,True,False,1,35,True,True,blue_pad,target,True,False,,False,False,False,,False,True,True,hovered,False,False,False,model_stop,62,26.4,6.4,6.4,8.2,29.0,red_pad,,,,,,True,False,False,False,False,canonical_evaluator_v2,False,False,False,False,,FLYING,ALIGNMENT,hovered instead of landing,B4_ALIGNMENT_FAILURE,F_ALIGNMENT,27,True,True,314,13.841991424560547,,0.09925,399.3580038871319,1,73,False,True,same_shape
main,medium,ct-9511-blue_pad-mid_search-approach,lot,h,mid,approach,Approach the blue landing pad.,approach,blue_pad,True,True,False,1,41,True,True,blue_pad,target,True,False,,False,False,False,,False,True,True,hovered,True,False,False,model_stop,68,26.4,7.9,7.9,8.2,29.0,red_pad,,,,,,False,,,,,,,,,,,,,,,S,27,True,False,319,13.669831275939941,,0.09723,394.82969705883374,3,79,False,True,same_shape
main,medium,ct-9512-blue_pad-mid_edge,field,i,mid,edge,Find the blue landing pad and land on it.,land,blue_pad,False,True,True,1,46,True,True,blue_pad,target,True,False,,False,True,True,blue_pad,True,True,False,landed,True,False,False,landed,46,21.9,7.4,7.4,2.5,40.9,blue_cylinder,7.38,0.59,0.01,False,True,True,False,False,False,True,canonical_evaluator_v2,False,True,True,True,1.509122371673584,DISARMED,ALIGNMENT,stopped by itself,B4_ALIGNMENT_FAILURE,F_ALIGNMENT,0,False,True,0,0.0,0.10669,0.10669,380.5955144130364,0,80,True,False,
main,medium,ct-9514-blue_pad-mid_pair,field,h,mid,pair,Find the blue landing pad and land on it.,land,blue_pad,False,True,True,1,45,True,True,blue_pad,target,True,False,,True,True,False,,False,True,False,neither,False,False,False,model_stop,45,25.0,2.3,2.8,2.6,26.6,red_pad,,,,,,True,False,False,False,False,canonical_evaluator_v2,False,False,False,False,,LANDING_DESCENT,DESCENT,stopped by itself,B6_TOUCHDOWN_FAILURE,F_TOUCHDOWN,0,True,True,0,0.0,0.05563,0.05563,385.2054202667609,3,87,False,True,
main,medium,ct-9514-blue_pad-mid_pair-swapped,field,g,mid,swap,Find the blue landing pad and land on it.,land,blue_pad,True,True,False,1,59,True,True,blue_pad,target,True,False,,False,True,True,blue_pad,True,True,False,landed,True,False,False,landed,75,26.6,4.8,5.4,2.5,24.8,red_pad,5.45,0.54,0.01,True,True,True,True,True,True,True,canonical_evaluator_v2,False,True,True,True,1.5940172672271729,DISARMED,,,,S,9,True,True,107,4.509331703186035,,0.05823,402.94036169333896,3,91,False,True,same_shape
main,medium,ct-9514-blue_pad-mid_pair-find-red_pad,field,h,mid,query,Find the red landing pad.,approach,red_pad,True,True,False,1,29,True,True,red_pad,target,True,False,,False,False,False,,False,True,True,hovered,True,False,False,model_stop,38,26.6,9.0,9.0,5.4,25.0,blue_pad,,,,,,False,,,,,,,,,,,,,,,S,9,False,False,107,4.521173000335693,,0.05871,400.5348482368103,2,94,False,True,same_shape
main,medium,ct-9515-blue_pad-mid_past,field,j,mid,past,Find the blue landing pad and land on it.,land,blue_pad,False,True,False,1,12,False,False,,none,False,False,,False,False,False,,False,True,True,hovered,False,False,False,model_stop,15,30.0,29.6,29.6,6.7,35.7,blue_cylinder,,,,,,True,False,False,False,False,canonical_evaluator_v2,False,False,False,False,,FLYING,GROUNDING,stopped by itself,B2_GROUNDING_FAILURE,F_GROUNDING,3,False,False,36,1.5371687412261963,,0.05414,404.2046579333449,1,97,True,False,same_color
main,medium,ct-9516-blue_pad-mid_visible2,lot,j,mid,visible2,Find the blue landing pad and land on it.,land,blue_pad,False,True,True,1,22,True,False,,none,False,False,,False,False,False,,False,True,True,hovered,False,False,False,model_stop,22,30.1,25.4,25.4,5.1,32.4,blue_cone,,,,,,True,False,False,False,False,canonical_evaluator_v2,False,False,False,False,,FLYING,APPROACH,stopped early,B3_APPROACH_FAILURE,F_APPROACH,0,False,False,0,0.0,0.02489,0.02489,382.65427763640633,3,103,True,False,
main,medium,ct-9517-blue_pad-mid_behind,field,g,mid,behind,Find the blue landing pad and land on it.,land,blue_pad,False,True,False,1,45,True,False,,none,False,False,,False,False,False,,False,True,True,hovered,False,False,False,model_stop,60,27.8,20.2,20.2,6.6,58.5,red_pad,,,,,,True,False,False,False,False,canonical_evaluator_v2,False,False,False,False,,FLYING,APPROACH,stopped early,B3_APPROACH_FAILURE,F_APPROACH,15,False,False,180,7.526217937469482,,0.05344,382.2602684999765,0,104,False,True,
main,medium,ct-9518-blue_pad-mid_pair2,lot,i,mid,pair2,Find the blue landing pad and land on it.,land,blue_pad,True,True,True,1,42,True,True,blue_pad,target,True,False,,True,True,True,blue_pad,True,True,False,landed,True,False,False,landed,54,26.5,1.3,2.6,2.6,29.9,blue_cube,2.61,0.49,0.0,True,True,True,True,True,True,True,canonical_evaluator_v2,False,True,True,True,1.5872695446014404,DISARMED,,,,S,0,True,True,0,0.0,0.06457,0.06457,415.7210410739767,1,109,True,False,
main,medium,ct-9518-blue_pad-mid_pair2-swapped,lot,j,mid,swap,Find the blue landing pad and land on it.,land,blue_pad,False,False,False,0,0,False,False,,none,False,False,,False,False,False,,False,True,True,hovered,False,False,False,model_stop,9,29.9,29.9,29.9,8.3,26.5,blue_cube,,,,,,True,False,False,False,False,canonical_evaluator_v2,False,False,False,False,,FLYING,SEARCH,stopped by itself,B1_SEARCH_FAILURE,F_SEARCH,,False,False,,,,,414.96365400012616,0,112,True,False,same_color
main,medium,ct-9518-blue_pad-mid_pair2-find-blue_cube,lot,i,mid,query,Find the blue cube.,approach,blue_cube,False,False,False,0,0,False,False,blue_pad,same colour,False,True,blue_pad,False,False,False,,False,True,True,hovered,True,False,False,model_stop,23,29.9,29.9,35.8,8.3,10.8,blue_pad,,,,,,False,,,,,,,,,,,,SEARCH,stopped by itself,B1_SEARCH_FAILURE,F_SEARCH,,False,False,,,,,414.40743521738824,1,117,True,False,same_color
main,medium,ct-9519-red_pad-mid_red_visible,field,h,mid,red_visible,Find the red landing pad and land on it.,land,red_pad,True,True,True,2,59,True,True,red_pad,target,True,False,,False,True,True,red_pad,True,True,False,landed,True,False,False,landed,60,32.0,4.3,4.3,2.6,38.4,blue_pad,4.27,0.66,0.01,True,True,True,True,True,True,True,canonical_evaluator_v2,False,True,True,True,1.522512435913086,DISARMED,,,,S,0,True,True,0,0.0,0.03497,0.03497,393.4525218499554,3,123,False,True,
main,medium,ct-9520-red_pad-mid_red_search,lot,h,mid,red_search,Find the red landing pad and land on it.,land,red_pad,True,True,False,1,62,True,True,red_pad,target,True,False,,True,True,True,red_pad,True,True,False,landed,True,False,False,landed,67,25.6,3.2,3.2,2.6,33.5,blue_pad,3.23,0.49,0.0,True,True,True,True,True,True,True,canonical_evaluator_v2,False,True,True,True,1.5406346321105957,DISARMED,,,,S,5,True,True,60,2.550098419189453,,0.08218,396.5010064179459,1,125,False,True,
main,medium,ct-9521-blue_pad-far_visible,field,i,far,visible,Find the blue landing pad and land on it.,land,blue_pad,False,True,True,1,44,True,True,blue_pad,target,True,False,,True,False,False,,False,True,True,hovered,False,False,False,model_stop,44,33.4,2.8,2.9,7.5,41.3,blue_cylinder,,,,,,True,False,False,False,False,canonical_evaluator_v2,False,False,False,False,,FLYING,DESCENT,hovered instead of landing,B5_DESCENT_FAILURE,F_DESCENT,0,True,True,0,0.0,0.02939,0.02939,391.6281814998787,3,131,True,False,
main,medium,ct-9521-blue_pad-far_visible-approach,field,i,far,approach,Approach the blue landing pad.,approach,blue_pad,True,True,True,1,33,True,True,blue_pad,target,True,False,,False,False,False,,False,True,True,hovered,True,False,False,model_stop,33,33.4,10.1,10.1,7.6,51.9,blue_cylinder,,,,,,False,,,,,,,,,,,,,,,S,0,True,False,0,0.0,0.02939,0.02939,386.47212845455323,1,133,True,False,
main,medium,ct-9522-blue_pad-far_search,lot,i,far,search,Find the blue landing pad and land on it.,land,blue_pad,False,True,False,2,5,False,False,,none,False,False,,False,False,False,,False,True,True,hovered,False,False,False,model_stop,53,43.9,43.5,43.5,5.4,55.7,blue_cube,,,,,,True,False,False,False,False,canonical_evaluator_v2,False,False,False,False,,FLYING,GROUNDING,passed over,B2_GROUNDING_FAILURE,F_GROUNDING,46,False,False,396,22.602845907211304,,0.01203,392.689783452796,3,139,True,False,
main,medium,ct-9522-blue_pad-far_search-approach,lot,i,far,approach,Approach the blue landing pad.,approach,blue_pad,False,True,False,2,16,False,False,,none,False,False,,False,False,False,,False,True,True,hovered,True,False,False,model_stop,52,43.9,43.4,43.4,5.5,55.6,blue_cube,,,,,,False,,,,,,,,,,,,GROUNDING,passed over,B2_GROUNDING_FAILURE,F_GROUNDING,34,False,False,398,16.322674989700317,,0.01195,391.16082167309355,0,140,True,False,
main,medium,ct-9523-blue_pad-far_edge,field,j,far,edge,Find the blue landing pad and land on it.,land,blue_pad,True,True,True,2,76,True,True,blue_pad,target,True,False,,False,True,True,blue_pad,True,True,False,landed,True,False,False,landed,77,33.0,5.6,5.7,2.5,10.2,blue_cylinder,5.7,0.6,0.0,True,True,True,True,True,True,True,canonical_evaluator_v2,False,True,True,True,1.5337638854980469,DISARMED,,,,S,0,True,True,0,0.0,0.04044,0.04044,391.2420866753056,1,145,True,False,
main,medium,ct-9524-blue_pad-far_pair,lot,h,far,pair,Find the blue landing pad and land on it.,land,blue_pad,True,True,True,1,65,True,True,blue_pad,target,True,False,,True,True,True,blue_pad,True,True,False,landed,True,False,False,landed,65,41.1,2.3,2.5,2.6,23.3,red_pad,2.5,0.62,0.02,True,True,True,True,True,True,True,canonical_evaluator_v2,False,True,True,True,1.5648117065429688,DISARMED,,,,S,0,True,True,0,0.0,0.01131,0.01131,398.9407169077122,1,149,False,True,
main,medium,ct-9524-blue_pad-far_pair-swapped,lot,g,far,swap,Find the blue landing pad and land on it.,land,blue_pad,False,True,False,1,49,True,True,blue_pad,target,True,False,,False,False,False,,False,True,True,hovered,False,False,False,model_stop,54,24.3,5.9,5.9,6.1,35.8,red_pad,,,,,,True,False,False,False,False,canonical_evaluator_v2,False,False,False,False,,FLYING,ALIGNMENT,hovered instead of landing,B4_ALIGNMENT_FAILURE,F_ALIGNMENT,5,True,True,52,2.6374073028564453,,0.09208,397.2846650925156,3,155,False,True,same_shape
main,medium,ct-9524-blue_pad-far_pair-find-red_pad,lot,h,far,query,Find the red landing pad.,approach,red_pad,True,True,False,1,28,True,True,red_pad,target,True,False,,False,False,False,,False,True,True,hovered,True,False,False,model_stop,32,24.3,10.2,10.2,5.9,39.0,blue_pad,,,,,,False,,,,,,,,,,,,,,,S,4,False,False,48,2.0514211654663086,,0.09003,394.36225743747855,2,158,False,True,same_shape
main,medium,ct-9525-blue_pad-far_past,field,g,far,past,Find the blue landing pad and land on it.,land,blue_pad,True,True,False,1,68,True,True,blue_pad,target,True,False,,False,True,True,blue_pad,True,True,False,landed,True,False,False,landed,90,37.3,4.8,5.7,2.5,29.5,red_pad,5.66,0.22,0.01,True,True,True,True,True,True,True,canonical_evaluator_v2,False,True,True,True,1.6368474960327148,DISARMED,,,,S,11,True,True,98,5.679383754730225,,0.02104,412.2489420444456,0,160,False,True,same_shape
main,medium,ct-9526-blue_pad-far_visible2,lot,g,far,visible2,Find the blue landing pad and land on it.,land,blue_pad,True,True,True,2,95,True,True,blue_pad,target,True,False,,False,True,True,blue_pad,True,True,False,landed,True,False,False,landed,140,41.0,5.5,5.6,2.5,40.7,blue_cone,5.56,0.63,0.0,True,True,True,True,True,True,True,canonical_evaluator_v2,False,True,True,True,1.5613644123077393,DISARMED,,,,S,0,True,True,0,0.0,0.01155,0.01155,397.184974792877,3,167,False,True,
main,medium,ct-9527-blue_pad-far_behind,field,h,far,behind,Find the blue landing pad and land on it.,land,blue_pad,False,True,False,2,7,False,False,,none,False,False,,False,False,False,,False,True,True,hovered,False,False,False,model_stop,24,42.8,42.8,42.8,5.3,20.9,blue_cone,,,,,,True,False,False,False,False,canonical_evaluator_v2,False,False,False,False,,FLYING,GROUNDING,passed over,B2_GROUNDING_FAILURE,F_GROUNDING,16,False,False,186,8.15796160697937,,0.01558,389.6559080833792,2,170,False,True,
main,medium,ct-9528-blue_pad-far_pair2,lot,j,far,pair2,Find the blue landing pad and land on it.,land,blue_pad,False,True,True,1,4,False,False,,none,False,False,,False,False,False,,False,True,True,hovered,False,False,False,model_stop,4,41.6,41.6,41.6,7.7,34.9,blue_cube,,,,,,True,False,False,False,False,canonical_evaluator_v2,False,False,False,False,,FLYING,GROUNDING,stopped by itself,B2_GROUNDING_FAILURE,F_GROUNDING,0,False,False,0,0.0,0.01787,0.01787,382.2384272500585,0,172,True,False,
main,medium,ct-9528-blue_pad-far_pair2-swapped,lot,i,far,swap,Find the blue landing pad and land on it.,land,blue_pad,False,False,False,0,0,False,False,,none,False,False,,False,False,False,,False,True,True,hovered,False,False,False,model_stop,13,34.9,34.9,34.9,7.7,41.6,blue_cube,,,,,,True,False,False,False,False,canonical_evaluator_v2,False,False,False,False,,FLYING,SEARCH,stopped by itself,B1_SEARCH_FAILURE,F_SEARCH,,False,False,,,,,388.7432289230464,3,179,True,False,same_color
main,medium,ct-9528-blue_pad-far_pair2-find-blue_cube,lot,j,far,query,Find the blue cube.,approach,blue_cube,True,True,False,1,59,True,True,blue_cube,target,True,False,,False,False,False,,False,True,True,hovered,True,False,False,model_stop,74,34.9,9.1,9.1,7.9,33.3,blue_pad,,,,,,False,,,,,,,,,,,,,,,S,15,False,False,69,7.559530973434448,,0.03756,388.13431882423373,2,182,True,False,same_color
main,medium,ct-9529-red_pad-far_red_visible,field,i,far,red_visible,Find the red landing pad and land on it.,land,red_pad,True,True,True,1,54,True,True,red_pad,target,True,False,,True,True,True,red_pad,True,True,False,landed,True,False,False,landed,62,35.1,2.5,3.0,2.6,16.8,green_cylinder,3.05,0.59,0.02,True,True,True,True,True,True,True,canonical_evaluator_v2,False,True,True,True,1.544964075088501,DISARMED,,,,S,0,True,True,0,0.0,0.01909,0.01909,395.4693938547925,2,186,True,False,
main,medium,ct-9530-red_pad-far_red_search,lot,i,far,red_search,Find the red landing pad and land on it.,land,red_pad,False,False,False,0,0,False,False,,none,False,False,,False,False,False,,False,True,True,hovered,False,False,False,model_stop,11,37.0,37.0,37.0,7.9,62.0,red_cube,,,,,,True,False,False,False,False,canonical_evaluator_v2,False,False,False,False,,FLYING,SEARCH,stopped by itself,B1_SEARCH_FAILURE,F_SEARCH,,False,False,,,,,388.58423054543067,1,189,True,False,
main,high,ct-9500-blue_pad-near_visible,field,g,near,visible,Find the blue landing pad and land on it.,land,blue_pad,False,True,True,1,24,True,True,blue_pad,target,True,False,,True,False,False,,False,True,True,hovered,False,False,False,model_stop,24,12.6,1.4,1.4,8.2,42.2,red_pad,,,,,,True,False,False,False,False,canonical_evaluator_v2,False,False,False,False,,FLYING,DESCENT,hovered instead of landing,B5_DESCENT_FAILURE,F_DESCENT,0,True,True,0,0.0,0.35073,0.35073,380.9588981249779,3,3,False,True,
main,high,ct-9500-blue_pad-near_visible-approach,field,g,near,approach,Approach the blue landing pad.,approach,blue_pad,True,True,True,1,9,False,True,blue_pad,target,True,False,,False,False,False,,False,True,True,hovered,True,False,False,model_stop,9,12.6,11.7,11.7,8.2,43.7,red_pad,,,,,,False,,,,,,,,,,,,,,,S,0,False,False,0,0.0,0.35069,0.35069,379.9546919999809,1,5,False,True,
main,high,ct-9501-blue_pad-near_search,lot,g,near,search,Find the blue landing pad and land on it.,land,blue_pad,False,False,False,0,0,False,True,blue_pad,target,True,False,,False,False,False,,False,True,True,hovered,False,False,False,model_stop,4,14.7,14.7,14.7,8.0,30.9,red_pad,,,,,,True,False,False,False,False,canonical_evaluator_v2,False,False,False,False,,FLYING,SEARCH,stopped by itself,B1_SEARCH_FAILURE,F_SEARCH,,False,False,,,,,378.8735047499472,1,9,False,True,
main,high,ct-9501-blue_pad-near_search-approach,lot,g,near,approach,Approach the blue landing pad.,approach,blue_pad,True,False,False,0,0,False,True,blue_pad,target,True,False,,False,False,False,,False,True,True,hovered,True,False,False,model_stop,19,14.7,14.7,14.7,8.1,30.9,red_pad,,,,,,False,,,,,,,,,,,,,,,S,,False,False,,,,,381.2553793684042,0,12,False,True,
main,high,ct-9502-blue_pad-near_edge,field,h,near,edge,Find the blue landing pad and land on it.,land,blue_pad,False,True,True,1,19,True,True,blue_pad,target,True,False,,False,False,False,,False,True,True,hovered,False,False,False,model_stop,19,12.3,5.4,5.4,5.4,39.2,red_pad,,,,,,True,False,False,False,False,canonical_evaluator_v2,False,False,False,False,,FLYING,ALIGNMENT,hovered instead of landing,B4_ALIGNMENT_FAILURE,F_ALIGNMENT,0,True,True,0,0.0,0.29469,0.29469,386.03509931578486,2,18,False,True,
main,high,ct-9503-blue_pad-near_pair,lot,h,near,pair,Find the blue landing pad and land on it.,land,blue_pad,False,True,True,1,26,True,True,blue_pad,target,True,False,,False,False,False,,False,True,True,hovered,False,False,False,model_stop,26,16.2,3.6,3.6,5.9,35.2,red_pad,,,,,,True,False,False,False,False,canonical_evaluator_v2,False,False,False,False,,FLYING,ALIGNMENT,hovered instead of landing,B4_ALIGNMENT_FAILURE,F_ALIGNMENT,0,True,True,0,0.0,0.1959,0.1959,389.3043292307626,3,23,False,True,
main,high,ct-9503-blue_pad-near_pair-swapped,lot,g,near,swap,Find the blue landing pad and land on it.,land,blue_pad,False,True,False,1,58,True,True,blue_pad,target,True,False,,False,False,False,,False,True,True,hovered,False,False,False,model_stop,90,35.2,5.9,5.9,5.9,16.2,red_pad,,,,,,True,False,False,False,False,canonical_evaluator_v2,False,False,False,False,,FLYING,ALIGNMENT,hovered instead of landing,B4_ALIGNMENT_FAILURE,F_ALIGNMENT,32,True,True,338,15.54562258720398,,0.03218,392.2768122888859,2,26,False,True,same_shape
main,high,ct-9503-blue_pad-near_pair-find-red_pad,lot,h,near,query,Find the red landing pad.,approach,red_pad,False,True,False,6,111,True,True,,none,False,False,,False,False,False,,False,False,False,neither,False,False,True,max_steps,320,35.2,13.1,13.1,6.0,16.2,blue_pad,,,,,,False,,,,,,,,,,,,STOP,did not stop,B10_TIMEOUT,F_TIMEOUT,29,False,False,346,14.904013633728027,,0.03491,390.7021909687572,0,28,False,True,same_shape
main,high,ct-9504-blue_pad-near_past,field,i,near,past,Find the blue landing pad and land on it.,land,blue_pad,False,True,False,1,22,False,True,blue_pad,target,True,False,,False,False,False,,False,True,True,hovered,False,False,False,model_stop,25,14.2,12.7,12.7,6.5,49.3,blue_cylinder,,,,,,True,False,False,False,False,canonical_evaluator_v2,False,False,False,False,,FLYING,GROUNDING,stopped by itself,B2_GROUNDING_FAILURE,F_GROUNDING,3,False,False,31,1.5053870677947998,,,383.33446264003214,1,33,True,False,same_color
main,high,ct-9505-blue_pad-near_visible2,lot,i,near,visible2,Find the blue landing pad and land on it.,land,blue_pad,False,True,True,1,21,False,True,,none,False,False,,False,False,False,,False,True,True,hovered,False,False,False,model_stop,21,16.7,15.9,15.9,7.5,46.1,blue_cube,,,,,,True,False,False,False,False,canonical_evaluator_v2,False,False,False,False,,FLYING,GROUNDING,stopped by itself,B2_GROUNDING_FAILURE,F_GROUNDING,0,False,False,0,0.0,0.24614,0.24614,382.180339285783,3,39,True,False,
main,high,ct-9506-blue_pad-near_behind,field,j,near,behind,Find the blue landing pad and land on it.,land,blue_pad,False,True,False,1,46,True,True,blue_pad,target,True,False,,False,False,False,,False,True,True,hovered,False,False,False,model_stop,63,16.4,6.5,6.5,6.7,41.5,blue_cylinder,,,,,,True,False,False,False,False,canonical_evaluator_v2,False,False,False,False,,FLYING,ALIGNMENT,hovered instead of landing,B4_ALIGNMENT_FAILURE,F_ALIGNMENT,17,True,True,175,8.622012376785278,,0.09204,382.47781501587946,1,41,True,False,
main,high,ct-9507-blue_pad-near_pair2,lot,j,near,pair2,Find the blue landing pad and land on it.,land,blue_pad,False,True,True,1,31,True,True,blue_pad,target,True,False,,True,False,False,,False,True,True,hovered,False,False,False,model_stop,31,17.6,1.0,1.0,8.8,39.2,blue_cube,,,,,,True,False,False,False,False,canonical_evaluator_v2,False,False,False,False,,FLYING,DESCENT,hovered instead of landing,B5_DESCENT_FAILURE,F_DESCENT,0,True,True,0,0.0,0.22187,0.22187,381.16053409684383,2,46,True,False,
main,high,ct-9507-blue_pad-near_pair2-swapped,lot,i,near,swap,Find the blue landing pad and land on it.,land,blue_pad,False,False,False,0,0,False,False,,none,False,False,,False,False,False,,False,True,True,hovered,False,False,False,model_stop,4,39.6,39.6,39.6,8.7,17.6,blue_cube,,,,,,True,False,False,False,False,canonical_evaluator_v2,False,False,False,False,,FLYING,SEARCH,stopped by itself,B1_SEARCH_FAILURE,F_SEARCH,,False,False,,,,,382.814825999958,1,49,True,False,same_color
main,high,ct-9507-blue_pad-near_pair2-find-blue_cube,lot,j,near,query,Find the blue cube.,approach,blue_cube,False,False,False,0,0,False,False,blue_pad,same colour,False,True,blue_pad,False,False,False,,False,True,True,hovered,True,False,False,model_stop,51,39.6,39.3,40.0,8.8,4.0,blue_pad,,,,,,False,,,,,,,,,,,,SEARCH,stopped by itself,B1_SEARCH_FAILURE,F_SEARCH,,False,False,,,,,381.31462060780404,2,54,True,False,same_color
main,high,ct-9508-red_pad-near_red_visible,field,g,near,red_visible,Find the red landing pad and land on it.,land,red_pad,False,True,True,1,4,False,True,red_pad,target,True,False,,False,False,False,,False,True,True,hovered,False,False,False,model_stop,4,14.0,14.0,14.0,5.2,47.2,blue_pad,,,,,,True,False,False,False,False,canonical_evaluator_v2,False,False,False,False,,FLYING,GROUNDING,stopped by itself,B2_GROUNDING_FAILURE,F_GROUNDING,0,False,False,0,0.0,0.37918,0.37918,404.6561772499899,2,58,False,True,
main,high,ct-9509-red_pad-near_red_search,lot,g,near,red_search,Find the red landing pad and land on it.,land,red_pad,False,True,False,1,27,True,True,red_pad,target,True,False,,False,False,False,,False,True,True,hovered,False,False,False,model_stop,34,16.2,6.4,6.4,8.3,28.1,blue_pad,,,,,,True,False,False,False,False,canonical_evaluator_v2,False,False,False,False,,FLYING,ALIGNMENT,hovered instead of landing,B4_ALIGNMENT_FAILURE,F_ALIGNMENT,7,True,True,84,3.531057357788086,,0.11259,408.30027285295836,0,60,False,True,
main,high,ct-9510-blue_pad-mid_visible,field,h,mid,visible,Find the blue landing pad and land on it.,land,blue_pad,False,True,True,1,78,True,True,blue_pad,target,True,False,,False,False,False,,False,True,True,hovered,False,False,False,model_stop,78,25.3,4.1,4.2,5.2,27.3,blue_cone,,,,,,True,False,False,False,False,canonical_evaluator_v2,False,False,False,False,,FLYING,ALIGNMENT,hovered instead of landing,B4_ALIGNMENT_FAILURE,F_ALIGNMENT,0,True,True,0,0.0,0.04646,0.04646,383.54458492306503,3,67,False,True,
main,high,ct-9510-blue_pad-mid_visible-approach,field,h,mid,approach,Approach the blue landing pad.,approach,blue_pad,True,True,True,1,72,True,True,blue_pad,target,True,False,,False,False,False,,False,True,True,hovered,True,False,False,model_stop,72,25.3,12.8,12.8,5.4,27.3,blue_cone,,,,,,False,,,,,,,,,,,,,,,S,0,False,False,0,0.0,0.04646,0.04646,383.0345232916936,1,69,False,True,
main,high,ct-9511-blue_pad-mid_search,lot,h,mid,search,Find the blue landing pad and land on it.,land,blue_pad,False,True,False,1,38,True,True,blue_pad,target,True,False,,False,False,False,,False,True,True,hovered,False,False,False,model_stop,68,26.4,6.0,6.0,8.2,29.0,red_pad,,,,,,True,False,False,False,False,canonical_evaluator_v2,False,False,False,False,,FLYING,ALIGNMENT,hovered instead of landing,B4_ALIGNMENT_FAILURE,F_ALIGNMENT,30,True,True,313,14.378641366958618,,0.0993,399.56428638235514,2,74,False,True,same_shape
main,high,ct-9511-blue_pad-mid_search-approach,lot,h,mid,approach,Approach the blue landing pad.,approach,blue_pad,True,True,False,1,43,True,True,blue_pad,target,True,False,,False,False,False,,False,True,True,hovered,True,False,False,model_stop,70,26.4,7.5,7.5,8.2,29.0,red_pad,,,,,,False,,,,,,,,,,,,,,,S,27,True,False,314,13.716514110565186,,0.09884,391.35692508569133,2,78,False,True,same_shape
main,high,ct-9512-blue_pad-mid_edge,field,i,mid,edge,Find the blue landing pad and land on it.,land,blue_pad,False,True,True,1,41,True,True,blue_pad,target,True,False,,False,False,False,,False,True,True,hovered,False,False,False,model_stop,41,21.9,8.6,8.6,5.4,43.4,blue_cylinder,,,,,,True,False,False,False,False,canonical_evaluator_v2,False,False,False,False,,FLYING,ALIGNMENT,hovered instead of landing,B4_ALIGNMENT_FAILURE,F_ALIGNMENT,0,False,True,0,0.0,0.10668,0.10668,382.7554257804434,3,83,True,False,
main,high,ct-9514-blue_pad-mid_pair,field,h,mid,pair,Find the blue landing pad and land on it.,land,blue_pad,False,True,True,1,39,True,True,blue_pad,target,True,False,,True,False,False,,False,True,True,hovered,False,False,False,model_stop,39,25.0,2.4,2.4,5.4,26.6,red_pad,,,,,,True,False,False,False,False,canonical_evaluator_v2,False,False,False,False,,FLYING,DESCENT,hovered instead of landing,B5_DESCENT_FAILURE,F_DESCENT,0,True,True,0,0.0,0.05563,0.05563,384.5689243333907,1,85,False,True,
main,high,ct-9514-blue_pad-mid_pair-swapped,field,g,mid,swap,Find the blue landing pad and land on it.,land,blue_pad,False,True,False,1,7,False,False,,none,False,False,,False,False,False,,False,True,True,hovered,False,False,False,model_stop,16,26.6,26.6,26.6,5.3,25.0,red_pad,,,,,,True,False,False,False,False,canonical_evaluator_v2,False,False,False,False,,FLYING,GROUNDING,stopped by itself,B2_GROUNDING_FAILURE,F_GROUNDING,9,False,False,100,4.535594940185547,,0.05465,392.1753532499679,2,90,False,True,same_shape
main,high,ct-9514-blue_pad-mid_pair-find-red_pad,field,h,mid,query,Find the red landing pad.,approach,red_pad,True,True,False,1,50,True,True,red_pad,target,True,False,,True,False,False,,False,True,True,hovered,True,False,False,model_stop,59,26.6,2.4,2.4,5.4,25.0,blue_pad,,,,,,False,,,,,,,,,,,,,,,S,9,True,True,107,4.513012647628784,,0.05877,405.87712535590856,0,92,False,True,same_shape
main,high,ct-9515-blue_pad-mid_past,field,j,mid,past,Find the blue landing pad and land on it.,land,blue_pad,False,True,False,1,10,False,False,,none,False,False,,False,False,False,,False,True,True,hovered,False,False,False,model_stop,14,30.0,30.0,30.0,6.7,36.0,blue_cylinder,,,,,,True,False,False,False,False,canonical_evaluator_v2,False,False,False,False,,FLYING,GROUNDING,stopped by itself,B2_GROUNDING_FAILURE,F_GROUNDING,4,False,False,36,2.067671060562134,,0.05575,410.2203022858443,3,99,True,False,same_color
main,high,ct-9516-blue_pad-mid_visible2,lot,j,mid,visible2,Find the blue landing pad and land on it.,land,blue_pad,False,True,True,1,4,False,False,,none,False,False,,False,False,False,,False,True,True,hovered,False,False,False,model_stop,4,30.1,30.1,30.1,5.1,32.4,blue_cone,,,,,,True,False,False,False,False,canonical_evaluator_v2,False,False,False,False,,FLYING,GROUNDING,stopped by itself,B2_GROUNDING_FAILURE,F_GROUNDING,0,False,False,0,0.0,0.02488,0.02488,377.21067999973457,0,100,True,False,
main,high,ct-9517-blue_pad-mid_behind,field,g,mid,behind,Find the blue landing pad and land on it.,land,blue_pad,False,True,False,1,7,False,False,,none,False,False,,False,False,False,,False,True,True,hovered,False,False,False,model_stop,23,27.8,27.8,27.8,6.4,67.1,red_pad,,,,,,True,False,False,False,False,canonical_evaluator_v2,False,False,False,False,,FLYING,GROUNDING,stopped by itself,B2_GROUNDING_FAILURE,F_GROUNDING,16,False,False,183,8.065416812896729,,0.0533,385.09975660864535,1,105,False,True,
main,high,ct-9518-blue_pad-mid_pair2,lot,i,mid,pair2,Find the blue landing pad and land on it.,land,blue_pad,False,True,True,1,38,True,True,blue_pad,target,True,False,,True,False,False,,False,True,True,hovered,False,False,False,model_stop,38,26.5,1.2,1.2,8.3,29.9,blue_cube,,,,,,True,False,False,False,False,canonical_evaluator_v2,False,False,False,False,,FLYING,DESCENT,hovered instead of landing,B5_DESCENT_FAILURE,F_DESCENT,0,True,True,0,0.0,0.06457,0.06457,412.27532047366225,0,108,True,False,
main,high,ct-9518-blue_pad-mid_pair2-swapped,lot,j,mid,swap,Find the blue landing pad and land on it.,land,blue_pad,False,False,False,0,0,False,False,,none,False,False,,False,False,False,,False,True,True,hovered,False,False,False,model_stop,4,29.9,29.9,29.9,8.3,26.5,blue_cube,,,,,,True,False,False,False,False,canonical_evaluator_v2,False,False,False,False,,FLYING,SEARCH,stopped by itself,B1_SEARCH_FAILURE,F_SEARCH,,False,False,,,,,406.617570249864,3,115,True,False,same_color
main,high,ct-9518-blue_pad-mid_pair2-find-blue_cube,lot,i,mid,query,Find the blue cube.,approach,blue_cube,False,False,False,0,0,False,False,blue_pad,same colour,False,True,blue_pad,False,False,False,,False,True,True,hovered,True,False,False,model_stop,47,29.9,29.9,39.6,8.3,4.3,blue_pad,,,,,,False,,,,,,,,,,,,SEARCH,stopped by itself,B1_SEARCH_FAILURE,F_SEARCH,,False,False,,,,,410.7163849360965,3,119,True,False,same_color
main,high,ct-9519-red_pad-mid_red_visible,field,h,mid,red_visible,Find the red landing pad and land on it.,land,red_pad,False,True,True,3,84,True,True,red_pad,target,True,False,,False,False,False,,False,True,True,hovered,False,False,False,model_stop,155,32.0,4.4,4.4,8.3,46.1,blue_pad,,,,,,True,False,False,False,False,canonical_evaluator_v2,False,False,False,False,,FLYING,ALIGNMENT,hovered instead of landing,B4_ALIGNMENT_FAILURE,F_ALIGNMENT,0,True,True,0,0.0,0.03497,0.03497,395.9215903742006,1,121,False,True,
main,high,ct-9520-red_pad-mid_red_search,lot,h,mid,red_search,Find the red landing pad and land on it.,land,red_pad,False,True,False,1,43,True,True,red_pad,target,True,False,,False,False,False,,False,True,True,hovered,False,False,False,model_stop,48,25.6,3.9,3.9,6.3,33.5,blue_pad,,,,,,True,False,False,False,False,canonical_evaluator_v2,False,False,False,False,,FLYING,ALIGNMENT,hovered instead of landing,B4_ALIGNMENT_FAILURE,F_ALIGNMENT,5,True,True,60,2.5167882442474365,,0.08218,396.4976310833208,0,124,False,True,
main,high,ct-9521-blue_pad-far_visible,field,i,far,visible,Find the blue landing pad and land on it.,land,blue_pad,False,True,True,1,55,True,True,blue_pad,target,True,False,,True,False,False,,False,True,True,hovered,False,False,False,model_stop,55,33.4,3.2,3.2,7.6,42.8,blue_cylinder,,,,,,True,False,False,False,False,canonical_evaluator_v2,False,False,False,False,,FLYING,DESCENT,hovered instead of landing,B5_DESCENT_FAILURE,F_DESCENT,0,True,True,0,0.0,0.02938,0.02938,388.9713672000653,0,128,True,False,
main,high,ct-9521-blue_pad-far_visible-approach,field,i,far,approach,Approach the blue landing pad.,approach,blue_pad,True,True,True,1,42,True,True,blue_pad,target,True,False,,False,False,False,,False,True,True,hovered,True,False,False,model_stop,42,33.4,8.3,8.3,7.6,50.2,blue_cylinder,,,,,,False,,,,,,,,,,,,,,,S,0,True,False,0,0.0,0.02938,0.02938,388.93632383332306,2,134,True,False,
main,high,ct-9522-blue_pad-far_search,lot,i,far,search,Find the blue landing pad and land on it.,land,blue_pad,False,False,False,0,0,False,False,,none,False,False,,False,False,False,,False,True,True,hovered,False,False,False,model_stop,38,43.9,43.9,43.9,5.5,56.2,blue_cube,,,,,,True,False,False,False,False,canonical_evaluator_v2,False,False,False,False,,FLYING,SEARCH,stopped by itself,B1_SEARCH_FAILURE,F_SEARCH,,False,False,,,,,408.5314049736888,2,138,True,False,
main,high,ct-9522-blue_pad-far_search-approach,lot,i,far,approach,Approach the blue landing pad.,approach,blue_pad,False,True,False,6,100,False,False,,none,False,False,,False,False,False,,False,False,False,neither,False,False,True,max_steps,320,43.9,43.1,43.1,5.5,55.6,blue_cube,,,,,,False,,,,,,,,,,,,GROUNDING,passed over,B2_GROUNDING_FAILURE,F_GROUNDING,54,False,False,401,26.68172550201416,,0.0143,391.9515052406297,2,142,True,False,
main,high,ct-9523-blue_pad-far_edge,field,j,far,edge,Find the blue landing pad and land on it.,land,blue_pad,False,True,True,1,44,True,True,,none,False,False,,False,False,False,,False,True,True,hovered,False,False,False,model_stop,44,33.0,17.9,17.9,6.7,10.2,blue_cylinder,,,,,,True,False,False,False,False,canonical_evaluator_v2,False,False,False,False,,FLYING,ALIGNMENT,hovered instead of landing,B4_ALIGNMENT_FAILURE,F_ALIGNMENT,0,False,False,0,0.0,0.04045,0.04045,394.6484816363574,3,147,True,False,
main,high,ct-9524-blue_pad-far_pair,lot,h,far,pair,Find the blue landing pad and land on it.,land,blue_pad,False,True,True,1,23,False,False,,none,False,False,,False,False,False,,False,True,True,hovered,False,False,False,model_stop,23,41.1,39.1,39.1,5.9,23.5,red_pad,,,,,,True,False,False,False,False,canonical_evaluator_v2,False,False,False,False,,FLYING,GROUNDING,stopped by itself,B2_GROUNDING_FAILURE,F_GROUNDING,0,False,False,0,0.0,0.01131,0.01131,401.73737134781453,3,151,False,True,
main,high,ct-9524-blue_pad-far_pair-swapped,lot,g,far,swap,Find the blue landing pad and land on it.,land,blue_pad,False,True,False,1,128,True,True,blue_pad,target,True,False,,False,False,False,,False,True,True,hovered,False,False,False,model_stop,133,24.3,8.2,8.2,6.3,34.0,red_pad,,,,,,True,False,False,False,False,canonical_evaluator_v2,False,False,False,False,,FLYING,ALIGNMENT,hovered instead of landing,B4_ALIGNMENT_FAILURE,F_ALIGNMENT,5,False,True,48,2.6072957515716553,,0.09155,397.003530518797,0,152,False,True,same_shape
main,high,ct-9524-blue_pad-far_pair-find-red_pad,lot,h,far,query,Find the red landing pad.,approach,red_pad,True,True,False,1,28,True,True,red_pad,target,True,False,,False,False,False,,False,True,True,hovered,True,False,False,model_stop,32,24.3,11.7,11.7,5.9,38.4,blue_pad,,,,,,False,,,,,,,,,,,,,,,S,4,False,False,48,2.038323402404785,,0.09005,394.22656618754104,1,157,False,True,same_shape
main,high,ct-9525-blue_pad-far_past,field,g,far,past,Find the blue landing pad and land on it.,land,blue_pad,False,True,False,1,10,False,False,,none,False,False,,False,False,False,,False,True,True,hovered,False,False,False,model_stop,24,37.3,37.3,37.3,5.1,35.6,red_pad,,,,,,True,False,False,False,False,canonical_evaluator_v2,False,False,False,False,,FLYING,GROUNDING,stopped by itself,B2_GROUNDING_FAILURE,F_GROUNDING,14,False,False,94,7.0702104568481445,,0.02146,393.1308392082353,1,161,False,True,same_shape
main,high,ct-9526-blue_pad-far_visible2,lot,g,far,visible2,Find the blue landing pad and land on it.,land,blue_pad,False,True,True,1,19,True,False,,none,False,False,,False,False,False,,False,True,True,hovered,False,False,False,model_stop,19,41.0,38.3,38.3,6.1,40.7,blue_cone,,,,,,True,False,False,False,False,canonical_evaluator_v2,False,False,False,False,,FLYING,APPROACH,stopped early,B3_APPROACH_FAILURE,F_APPROACH,0,False,False,0,0.0,0.01155,0.01155,395.12448657895123,0,164,False,True,
main,high,ct-9527-blue_pad-far_behind,field,h,far,behind,Find the blue landing pad and land on it.,land,blue_pad,False,True,False,1,10,False,False,,none,False,False,,False,False,False,,False,True,True,hovered,False,False,False,model_stop,28,42.8,42.8,42.8,5.3,20.9,blue_cone,,,,,,True,False,False,False,False,canonical_evaluator_v2,False,False,False,False,,FLYING,GROUNDING,stopped by itself,B2_GROUNDING_FAILURE,F_GROUNDING,18,False,False,185,8.219262599945068,,0.01558,398.65927699997883,0,168,False,True,
main,high,ct-9528-blue_pad-far_pair2,lot,j,far,pair2,Find the blue landing pad and land on it.,land,blue_pad,False,True,True,1,10,False,False,,none,False,False,,False,False,False,,False,True,True,hovered,False,False,False,model_stop,10,41.6,41.6,41.6,7.7,34.9,blue_cube,,,,,,True,False,False,False,False,canonical_evaluator_v2,False,False,False,False,,FLYING,GROUNDING,stopped by itself,B2_GROUNDING_FAILURE,F_GROUNDING,0,False,False,0,0.0,0.01787,0.01787,382.9258211999331,3,175,True,False,
main,high,ct-9528-blue_pad-far_pair2-swapped,lot,i,far,swap,Find the blue landing pad and land on it.,land,blue_pad,False,True,False,1,4,False,False,,none,False,False,,False,False,False,,False,True,True,hovered,False,False,False,model_stop,12,34.9,34.9,34.9,7.7,41.6,blue_cube,,,,,,True,False,False,False,False,canonical_evaluator_v2,False,False,False,False,,FLYING,GROUNDING,stopped by itself,B2_GROUNDING_FAILURE,F_GROUNDING,8,False,False,50,4.030999422073364,,0.03193,387.3612376667097,2,178,True,False,same_color
main,high,ct-9528-blue_pad-far_pair2-find-blue_cube,lot,j,far,query,Find the blue cube.,approach,blue_cube,True,True,False,1,72,True,True,blue_cube,target,True,False,,False,False,False,,False,True,True,hovered,True,False,False,model_stop,85,34.9,12.4,12.4,8.0,35.7,blue_pad,,,,,,False,,,,,,,,,,,,,,,S,13,False,False,58,6.525389909744263,,0.03331,385.1640295881653,3,183,True,False,same_color
main,high,ct-9529-red_pad-far_red_visible,field,i,far,red_visible,Find the red landing pad and land on it.,land,red_pad,False,True,True,1,77,True,True,red_pad,target,True,False,,False,False,False,,False,True,True,hovered,False,False,False,model_stop,77,35.1,6.0,6.0,6.8,16.8,green_cylinder,,,,,,True,False,False,False,False,canonical_evaluator_v2,False,False,False,False,,FLYING,ALIGNMENT,hovered instead of landing,B4_ALIGNMENT_FAILURE,F_ALIGNMENT,0,True,True,0,0.0,0.01909,0.01909,390.86291731166364,1,185,True,False,
main,high,ct-9530-red_pad-far_red_search,lot,i,far,red_search,Find the red landing pad and land on it.,land,red_pad,False,False,False,0,0,False,False,,none,False,False,,False,False,False,,False,True,True,hovered,False,False,False,model_stop,10,37.0,37.0,37.0,7.9,62.0,red_cube,,,,,,True,False,False,False,False,canonical_evaluator_v2,False,False,False,False,,FLYING,SEARCH,stopped by itself,B1_SEARCH_FAILURE,F_SEARCH,,False,False,,,,,390.18994710004336,0,188,True,False,
repeat,clean,ct-9507-blue_pad-near_pair2,lot,j,near,pair2,Find the blue landing pad and land on it.,land,blue_pad,True,True,True,1,43,True,True,blue_pad,target,True,False,,True,True,True,blue_pad,True,True,False,landed,True,False,False,landed,43,17.6,0.9,1.7,2.5,39.3,blue_cube,1.69,0.62,0.01,True,True,True,True,True,True,True,canonical_evaluator_v2,False,True,True,True,1.5025806427001953,DISARMED,,,,S,0,True,True,0,0.0,0.22189,0.22189,388.3576175116908,3,3,True,False,
repeat,clean,ct-9521-blue_pad-far_visible-approach,field,i,far,approach,Approach the blue landing pad.,approach,blue_pad,True,True,True,1,30,True,True,blue_pad,target,True,False,,False,False,False,,False,True,True,hovered,True,False,False,model_stop,30,33.4,11.1,11.1,7.5,52.9,blue_cylinder,,,,,,False,,,,,,,,,,,,,,,S,0,False,False,0,0.0,0.02939,0.02939,387.6210799665084,3,7,True,False,
repeat,clean,ct-9522-blue_pad-far_search-approach,lot,i,far,approach,Approach the blue landing pad.,approach,blue_pad,True,True,False,4,46,True,True,blue_pad,target,True,False,,False,False,False,,False,True,True,hovered,True,False,False,model_stop,83,43.9,9.3,9.3,5.5,38.7,blue_cube,,,,,,False,,,,,,,,,,,,,,,S,34,False,False,409,16.196454763412476,,0.01312,390.9540389277136,2,10,True,False,
repeat,clean,ct-9508-red_pad-near_red_visible,field,g,near,red_visible,Find the red landing pad and land on it.,land,red_pad,True,True,True,1,32,True,True,red_pad,target,True,False,,True,True,True,red_pad,True,True,False,landed,True,False,False,landed,32,14.0,1.7,1.8,2.5,40.2,blue_pad,1.82,0.6,0.03,True,True,True,True,True,True,True,canonical_evaluator_v2,False,True,True,True,1.6241943836212158,DISARMED,,,,S,0,True,True,0,0.0,0.37916,0.37916,416.38654618759574,0,12,False,True,
repeat,clean,ct-9502-blue_pad-near_edge,field,h,near,edge,Find the blue landing pad and land on it.,land,blue_pad,True,True,True,1,20,True,True,blue_pad,target,True,False,,True,True,True,blue_pad,True,True,False,landed,True,False,False,landed,30,12.3,2.8,2.9,2.5,39.1,red_pad,2.89,0.61,0.05,True,True,True,True,True,True,True,canonical_evaluator_v2,False,True,True,True,1.5197348594665527,DISARMED,,,,S,0,True,True,0,0.0,0.29469,0.29469,394.8771730663793,0,16,False,True,
repeat,clean,ct-9503-blue_pad-near_pair-swapped,lot,g,near,swap,Find the blue landing pad and land on it.,land,blue_pad,True,True,False,1,48,True,True,blue_pad,target,True,False,,True,True,True,blue_pad,True,True,False,landed,True,False,False,landed,87,35.2,2.2,2.9,2.6,16.2,red_pad,2.89,0.62,0.04,True,True,True,True,True,True,True,canonical_evaluator_v2,False,True,True,True,1.584505558013916,DISARMED,,,,S,28,True,True,335,14.60363245010376,,0.031,401.232679275977,1,21,False,True,same_shape
repeat,clean,ct-9511-blue_pad-mid_search,lot,h,mid,search,Find the blue landing pad and land on it.,land,blue_pad,True,True,False,1,55,True,True,blue_pad,target,True,False,,True,True,True,blue_pad,True,True,False,landed,True,False,False,landed,81,26.4,1.1,2.0,2.5,29.0,red_pad,1.98,0.6,0.01,True,True,True,True,True,True,True,canonical_evaluator_v2,False,True,True,True,1.5761480331420898,DISARMED,,,,S,26,True,True,312,12.388691425323486,,0.09972,401.0664321605289,1,25,False,True,same_shape
repeat,clean,ct-9524-blue_pad-far_pair-swapped,lot,g,far,swap,Find the blue landing pad and land on it.,land,blue_pad,True,True,False,1,45,True,True,blue_pad,target,True,False,,True,True,True,blue_pad,True,True,False,landed,True,False,False,landed,54,24.3,0.7,1.6,2.5,39.6,red_pad,1.62,0.61,0.03,True,True,True,True,True,True,True,canonical_evaluator_v2,False,True,True,True,1.5268595218658447,DISARMED,,,,S,4,True,True,48,2.025238513946533,,0.0901,394.6707898888538,3,31,False,True,same_shape
repeat,clean,ct-9529-red_pad-far_red_visible,field,i,far,red_visible,Find the red landing pad and land on it.,land,red_pad,True,True,True,1,50,True,True,red_pad,target,True,False,,False,True,True,red_pad,True,True,False,landed,True,False,False,landed,57,35.1,3.8,4.0,2.5,16.8,green_cylinder,4.0,0.62,0.04,True,True,True,True,True,True,True,canonical_evaluator_v2,False,True,True,True,1.5256354808807373,DISARMED,,,,S,0,True,True,0,0.0,0.01909,0.01909,395.10170045609254,2,34,True,False,
repeat,clean,ct-9503-blue_pad-near_pair,lot,h,near,pair,Find the blue landing pad and land on it.,land,blue_pad,True,True,True,1,33,True,True,blue_pad,target,True,False,,True,True,True,blue_pad,True,True,False,landed,True,False,False,landed,33,16.2,2.9,2.9,2.5,35.2,red_pad,2.86,0.62,0.06,True,True,True,True,True,True,True,canonical_evaluator_v2,False,True,True,True,1.5334200859069824,DISARMED,,,,S,0,True,True,0,0.0,0.19591,0.19591,397.41345345475673,0,36,False,True,
repeat,clean,ct-9505-blue_pad-near_visible2,lot,i,near,visible2,Find the blue landing pad and land on it.,land,blue_pad,True,True,True,1,40,True,True,blue_pad,target,True,False,,True,True,True,blue_pad,True,True,False,landed,True,False,False,landed,40,16.7,1.6,2.1,2.5,40.3,blue_cube,2.07,0.63,0.02,True,True,True,True,True,True,True,canonical_evaluator_v2,False,True,True,True,0.436769962310791,DISARMED,,,,S,0,True,True,0,0.0,0.24618,0.24618,389.949652650148,2,42,True,False,
repeat,clean,ct-9500-blue_pad-near_visible-approach,field,g,near,approach,Approach the blue landing pad.,approach,blue_pad,True,True,True,1,4,False,True,blue_pad,target,True,False,,False,False,False,,False,True,True,hovered,True,False,False,model_stop,4,12.6,12.6,12.6,8.1,44.0,red_pad,,,,,,False,,,,,,,,,,,,,,,S,0,False,False,0,0.0,0.3507,0.3507,388.34941025015723,1,45,False,True,
repeat,low,ct-9507-blue_pad-near_pair2,lot,j,near,pair2,Find the blue landing pad and land on it.,land,blue_pad,True,True,True,1,44,True,True,blue_pad,target,True,False,,True,True,True,blue_pad,True,True,False,landed,True,False,False,landed,44,17.6,0.9,2.2,2.5,39.3,blue_cube,2.21,0.61,0.01,True,True,True,True,True,True,True,canonical_evaluator_v2,False,True,True,True,1.5362725257873535,DISARMED,,,,S,0,True,True,0,0.0,0.22186,0.22186,390.4356859546748,1,1,True,False,
repeat,low,ct-9521-blue_pad-far_visible-approach,field,i,far,approach,Approach the blue landing pad.,approach,blue_pad,True,True,True,1,29,True,True,blue_pad,target,True,False,,False,False,False,,False,True,True,hovered,True,False,False,model_stop,29,33.4,11.9,11.9,7.5,53.8,blue_cylinder,,,,,,False,,,,,,,,,,,,,,,S,0,False,False,0,0.0,0.02939,0.02939,388.7334316206197,2,6,True,False,
repeat,low,ct-9522-blue_pad-far_search-approach,lot,i,far,approach,Approach the blue landing pad.,approach,blue_pad,False,True,False,3,6,False,False,,none,False,False,,False,False,False,,False,True,True,hovered,True,False,False,model_stop,43,43.9,42.7,42.7,5.5,54.5,blue_cube,,,,,,False,,,,,,,,,,,,GROUNDING,passed over,B2_GROUNDING_FAILURE,F_GROUNDING,34,False,False,400,16.484018802642822,,0.012,396.2320381862048,0,8,True,False,
repeat,low,ct-9508-red_pad-near_red_visible,field,g,near,red_visible,Find the red landing pad and land on it.,land,red_pad,True,True,True,1,31,True,True,red_pad,target,True,False,,True,True,True,red_pad,True,True,False,landed,True,False,False,landed,31,14.0,1.7,1.8,2.5,40.2,blue_pad,1.82,0.59,0.04,True,True,True,True,True,True,True,canonical_evaluator_v2,False,True,True,True,1.621370792388916,DISARMED,,,,S,0,True,True,0,0.0,0.37917,0.37917,420.89791487101576,2,14,False,True,
repeat,low,ct-9502-blue_pad-near_edge,field,h,near,edge,Find the blue landing pad and land on it.,land,blue_pad,True,True,True,1,32,True,True,blue_pad,target,True,False,,False,True,True,blue_pad,True,True,False,landed,True,False,False,landed,32,12.3,5.1,5.2,2.5,37.2,red_pad,5.17,0.61,0.03,True,True,True,True,True,True,True,canonical_evaluator_v2,False,True,True,True,1.5363118648529053,DISARMED,,,,S,0,True,True,0,0.0,0.29469,0.29469,391.55229018751925,3,19,False,True,
repeat,low,ct-9503-blue_pad-near_pair-swapped,lot,g,near,swap,Find the blue landing pad and land on it.,land,blue_pad,True,True,False,1,57,True,True,blue_pad,target,True,False,,False,True,True,blue_pad,True,True,False,landed,True,False,False,landed,94,35.2,3.9,4.9,2.5,13.8,red_pad,4.94,0.6,0.04,True,True,True,True,True,True,True,canonical_evaluator_v2,False,True,True,True,1.5229926109313965,DISARMED,,,,S,31,True,True,333,15.345376253128052,,0.0301,402.8042741808175,0,20,False,True,same_shape
repeat,low,ct-9511-blue_pad-mid_search,lot,h,mid,search,Find the blue landing pad and land on it.,land,blue_pad,True,True,False,1,47,True,True,blue_pad,target,True,False,,False,True,True,blue_pad,True,True,False,landed,True,False,False,landed,81,26.4,5.3,5.6,2.5,29.0,red_pad,5.64,0.61,0.01,True,True,True,True,True,True,True,canonical_evaluator_v2,False,True,True,True,1.5731890201568604,DISARMED,,,,S,27,True,True,323,14.056806087493896,,0.09661,405.93931081477626,3,27,False,True,same_shape
repeat,low,ct-9524-blue_pad-far_pair-swapped,lot,g,far,swap,Find the blue landing pad and land on it.,land,blue_pad,True,True,False,1,48,True,True,blue_pad,target,True,False,,False,True,True,blue_pad,True,True,False,landed,True,False,False,landed,52,24.3,3.7,3.8,2.5,37.6,red_pad,3.77,0.61,0.04,True,True,True,True,True,True,True,canonical_evaluator_v2,False,True,True,True,1.5528533458709717,DISARMED,,,,S,4,True,True,48,2.0579748153686523,,0.09034,399.40525217294777,1,29,False,True,same_shape
repeat,low,ct-9529-red_pad-far_red_visible,field,i,far,red_visible,Find the red landing pad and land on it.,land,red_pad,True,True,True,1,47,True,True,red_pad,target,True,False,,True,True,True,red_pad,True,True,False,landed,True,False,False,landed,55,35.1,3.1,3.5,2.6,16.8,green_cylinder,3.51,0.63,0.04,True,True,True,True,True,True,True,canonical_evaluator_v2,False,True,True,True,1.5587646961212158,DISARMED,,,,S,0,True,True,0,0.0,0.01909,0.01909,396.10401909091956,1,33,True,False,
repeat,low,ct-9503-blue_pad-near_pair,lot,h,near,pair,Find the blue landing pad and land on it.,land,blue_pad,True,True,True,1,34,True,True,blue_pad,target,True,False,,True,True,True,blue_pad,True,True,False,landed,True,False,False,landed,34,16.2,2.9,2.9,2.5,35.2,red_pad,2.93,0.6,0.03,True,True,True,True,True,True,True,canonical_evaluator_v2,False,True,True,True,1.5269911289215088,DISARMED,,,,S,0,True,True,0,0.0,0.19588,0.19588,398.1892985881025,2,38,False,True,
repeat,low,ct-9505-blue_pad-near_visible2,lot,i,near,visible2,Find the blue landing pad and land on it.,land,blue_pad,True,True,True,1,39,True,True,blue_pad,target,True,False,,True,True,True,blue_pad,True,True,False,landed,True,False,False,landed,39,16.7,1.6,2.4,2.5,40.2,blue_cube,2.44,0.62,0.02,True,True,True,True,True,True,True,canonical_evaluator_v2,False,True,True,True,1.6163101196289062,DISARMED,,,,S,0,True,True,0,0.0,0.24614,0.24614,394.79250851278874,0,40,True,False,
repeat,low,ct-9500-blue_pad-near_visible-approach,field,g,near,approach,Approach the blue landing pad.,approach,blue_pad,True,True,True,1,4,False,True,blue_pad,target,True,False,,False,False,False,,False,True,True,hovered,True,False,False,model_stop,4,12.6,12.6,12.6,8.1,44.0,red_pad,,,,,,False,,,,,,,,,,,,,,,S,0,False,False,0,0.0,0.3507,0.3507,395.4042647510505,3,47,False,True,
repeat,medium,ct-9507-blue_pad-near_pair2,lot,j,near,pair2,Find the blue landing pad and land on it.,land,blue_pad,True,True,True,1,47,True,True,blue_pad,target,True,False,,True,True,True,blue_pad,True,True,False,landed,True,False,False,landed,47,17.6,0.8,2.0,2.5,39.3,blue_cube,2.04,0.6,0.0,True,True,True,True,True,True,True,canonical_evaluator_v2,False,True,True,True,1.5508754253387451,DISARMED,,,,S,0,True,True,0,0.0,0.22189,0.22189,392.612858702202,0,0,True,False,
repeat,medium,ct-9521-blue_pad-far_visible-approach,field,i,far,approach,Approach the blue landing pad.,approach,blue_pad,True,True,True,1,33,True,True,blue_pad,target,True,False,,False,False,False,,False,True,True,hovered,True,False,False,model_stop,33,33.4,10.1,10.1,7.6,51.9,blue_cylinder,,,,,,False,,,,,,,,,,,,,,,S,0,True,False,0,0.0,0.02938,0.02938,392.2514185759417,0,4,True,False,
repeat,medium,ct-9522-blue_pad-far_search-approach,lot,i,far,approach,Approach the blue landing pad.,approach,blue_pad,False,True,False,2,31,False,False,,none,False,False,,False,False,False,,False,True,True,hovered,True,False,False,model_stop,66,43.9,38.9,38.9,5.5,52.4,blue_cube,,,,,,False,,,,,,,,,,,,GROUNDING,passed over,B2_GROUNDING_FAILURE,F_GROUNDING,34,False,False,398,17.31398105621338,,0.01192,390.74076580304376,3,11,True,False,
repeat,medium,ct-9508-red_pad-near_red_visible,field,g,near,red_visible,Find the red landing pad and land on it.,land,red_pad,True,True,True,1,30,True,True,red_pad,target,True,False,,True,True,True,red_pad,True,True,False,landed,True,False,False,landed,42,14.0,1.8,3.5,2.6,39.3,blue_pad,3.51,0.58,0.04,True,True,True,True,True,True,True,canonical_evaluator_v2,False,True,True,True,1.6000752449035645,DISARMED,,,,S,0,True,True,0,0.0,0.37915,0.37915,419.4922218097244,1,13,False,True,
repeat,medium,ct-9502-blue_pad-near_edge,field,h,near,edge,Find the blue landing pad and land on it.,land,blue_pad,True,True,True,1,35,True,True,blue_pad,target,True,False,,False,True,True,blue_pad,True,True,False,landed,True,False,False,landed,35,12.3,5.4,5.4,2.5,37.6,red_pad,5.41,0.63,0.01,True,True,True,True,True,True,True,canonical_evaluator_v2,False,True,True,True,1.566117286682129,DISARMED,,,,S,0,True,True,0,0.0,0.29468,0.29468,395.53842845702354,1,17,False,True,
repeat,medium,ct-9503-blue_pad-near_pair-swapped,lot,g,near,swap,Find the blue landing pad and land on it.,land,blue_pad,False,True,False,1,91,True,True,blue_pad,target,True,False,,False,False,False,,False,True,True,hovered,False,False,False,model_stop,120,35.2,5.8,6.0,6.1,16.2,red_pad,,,,,,True,False,False,False,False,canonical_evaluator_v2,False,False,False,False,,LANDING_DESCENT,ALIGNMENT,hovered instead of landing,B4_ALIGNMENT_FAILURE,F_ALIGNMENT,29,True,True,338,15.389029502868652,,0.03227,400.00983008332395,2,22,False,True,same_shape
repeat,medium,ct-9511-blue_pad-mid_search,lot,h,mid,search,Find the blue landing pad and land on it.,land,blue_pad,False,True,False,1,45,True,True,blue_pad,target,True,False,,False,False,False,,False,True,True,hovered,False,False,False,model_stop,72,26.4,5.8,5.9,7.6,29.0,red_pad,,,,,,True,False,False,False,False,canonical_evaluator_v2,False,False,False,False,,LANDING_DESCENT,ALIGNMENT,hovered instead of landing,B4_ALIGNMENT_FAILURE,F_ALIGNMENT,27,True,True,313,14.07518196105957,,0.09928,404.80997188895645,2,26,False,True,same_shape
repeat,medium,ct-9524-blue_pad-far_pair-swapped,lot,g,far,swap,Find the blue landing pad and land on it.,land,blue_pad,False,True,False,1,50,True,True,blue_pad,target,True,False,,False,False,False,,False,True,True,hovered,False,False,False,model_stop,54,24.3,5.4,5.4,6.0,35.6,red_pad,,,,,,True,False,False,False,False,canonical_evaluator_v2,False,False,False,False,,FLYING,ALIGNMENT,hovered instead of landing,B4_ALIGNMENT_FAILURE,F_ALIGNMENT,4,True,True,48,2.051521062850952,,0.09004,398.8685053889101,2,30,False,True,same_shape
repeat,medium,ct-9529-red_pad-far_red_visible,field,i,far,red_visible,Find the red landing pad and land on it.,land,red_pad,True,True,True,1,54,True,True,red_pad,target,True,False,,True,True,True,red_pad,True,True,False,landed,True,False,False,landed,65,35.1,2.5,3.1,2.6,16.8,green_cylinder,3.06,0.68,0.03,True,True,True,True,True,True,True,canonical_evaluator_v2,False,True,True,True,1.5131874084472656,DISARMED,,,,S,0,True,True,0,0.0,0.01909,0.01909,391.93932267679395,3,35,True,False,
repeat,medium,ct-9503-blue_pad-near_pair,lot,h,near,pair,Find the blue landing pad and land on it.,land,blue_pad,False,True,True,1,26,True,True,blue_pad,target,True,False,,True,False,False,,False,True,True,hovered,False,False,False,model_stop,26,16.2,2.9,2.9,5.1,35.2,red_pad,,,,,,True,False,False,False,False,canonical_evaluator_v2,False,False,False,False,,LANDING_DESCENT,DESCENT,hovered instead of landing,B5_DESCENT_FAILURE,F_DESCENT,0,True,True,0,0.0,0.19589,0.19589,397.1545264231771,3,39,False,True,
repeat,medium,ct-9505-blue_pad-near_visible2,lot,i,near,visible2,Find the blue landing pad and land on it.,land,blue_pad,True,True,True,1,46,True,True,blue_pad,target,True,False,,True,True,True,blue_pad,True,True,False,landed,True,False,False,landed,46,16.7,1.7,2.3,2.6,40.1,blue_cube,2.28,0.66,0.02,True,True,True,True,True,True,True,canonical_evaluator_v2,False,True,True,True,0.3859262466430664,DISARMED,,,,S,0,True,True,0,0.0,0.24623,0.24623,393.8686524347166,1,41,True,False,
repeat,medium,ct-9500-blue_pad-near_visible-approach,field,g,near,approach,Approach the blue landing pad.,approach,blue_pad,True,True,True,1,12,True,True,blue_pad,target,True,False,,False,False,False,,False,True,True,hovered,True,False,False,model_stop,12,12.6,10.7,10.7,8.2,43.5,red_pad,,,,,,False,,,,,,,,,,,,,,,S,0,True,False,0,0.0,0.35063,0.35063,396.6066150831769,0,44,False,True,
repeat,high,ct-9507-blue_pad-near_pair2,lot,j,near,pair2,Find the blue landing pad and land on it.,land,blue_pad,False,True,True,1,31,True,True,blue_pad,target,True,False,,True,False,False,,False,True,True,hovered,False,False,False,model_stop,31,17.6,1.0,1.0,8.8,39.3,blue_cube,,,,,,True,False,False,False,False,canonical_evaluator_v2,False,False,False,False,,FLYING,DESCENT,hovered instead of landing,B5_DESCENT_FAILURE,F_DESCENT,0,True,True,0,0.0,0.2219,0.2219,394.3582623870175,2,2,True,False,
repeat,high,ct-9521-blue_pad-far_visible-approach,field,i,far,approach,Approach the blue landing pad.,approach,blue_pad,True,True,True,1,63,True,True,blue_pad,target,True,False,,False,False,False,,False,True,True,hovered,True,False,False,model_stop,63,33.4,5.0,5.0,7.6,47.0,blue_cylinder,,,,,,False,,,,,,,,,,,,,,,S,0,True,True,0,0.0,0.02939,0.02939,387.6516182060893,1,5,True,False,
repeat,high,ct-9522-blue_pad-far_search-approach,lot,i,far,approach,Approach the blue landing pad.,approach,blue_pad,False,True,False,7,104,False,False,,none,False,False,,False,False,False,,False,False,False,neither,False,False,True,max_steps,320,43.9,43.4,43.4,5.5,55.9,blue_cube,,,,,,False,,,,,,,,,,,,GROUNDING,passed over,B2_GROUNDING_FAILURE,F_GROUNDING,48,False,False,402,23.380962133407593,,0.01236,389.3882073250552,1,9,True,False,
repeat,high,ct-9508-red_pad-near_red_visible,field,g,near,red_visible,Find the red landing pad and land on it.,land,red_pad,False,True,True,1,4,False,True,red_pad,target,True,False,,False,False,False,,False,True,True,hovered,False,False,False,model_stop,4,14.0,14.0,14.0,5.2,47.2,blue_pad,,,,,,True,False,False,False,False,canonical_evaluator_v2,False,False,False,False,,FLYING,GROUNDING,stopped by itself,B2_GROUNDING_FAILURE,F_GROUNDING,0,False,False,0,0.0,0.37916,0.37916,406.4583275003315,3,15,False,True,
repeat,high,ct-9502-blue_pad-near_edge,field,h,near,edge,Find the blue landing pad and land on it.,land,blue_pad,False,True,True,1,20,True,True,blue_pad,target,True,False,,False,False,False,,False,True,True,hovered,False,False,False,model_stop,20,12.3,4.6,4.6,5.4,39.1,red_pad,,,,,,True,False,False,False,False,canonical_evaluator_v2,False,False,False,False,,FLYING,ALIGNMENT,hovered instead of landing,B4_ALIGNMENT_FAILURE,F_ALIGNMENT,0,True,True,0,0.0,0.29467,0.29467,395.31099975010875,2,18,False,True,
repeat,high,ct-9503-blue_pad-near_pair-swapped,lot,g,near,swap,Find the blue landing pad and land on it.,land,blue_pad,False,True,False,1,4,False,False,,none,False,False,,False,False,False,,False,True,True,hovered,False,False,False,model_stop,36,35.2,35.2,35.3,5.8,16.2,red_pad,,,,,,True,False,False,False,False,canonical_evaluator_v2,False,False,False,False,,FLYING,GROUNDING,stopped by itself,B2_GROUNDING_FAILURE,F_GROUNDING,32,False,False,335,15.616258382797241,,0.0327,404.77587138911986,3,23,False,True,same_shape
repeat,high,ct-9511-blue_pad-mid_search,lot,h,mid,search,Find the blue landing pad and land on it.,land,blue_pad,False,True,False,1,37,True,True,blue_pad,target,True,False,,False,False,False,,False,True,True,hovered,False,False,False,model_stop,68,26.4,5.9,5.9,8.2,29.0,red_pad,,,,,,True,False,False,False,False,canonical_evaluator_v2,False,False,False,False,,FLYING,ALIGNMENT,hovered instead of landing,B4_ALIGNMENT_FAILURE,F_ALIGNMENT,31,True,True,316,16.08163833618164,,0.09822,407.9707718087507,0,24,False,True,same_shape
repeat,high,ct-9524-blue_pad-far_pair-swapped,lot,g,far,swap,Find the blue landing pad and land on it.,land,blue_pad,False,True,False,1,63,True,True,,none,False,False,,False,False,False,,False,True,True,hovered,False,False,False,model_stop,68,24.3,16.5,16.5,6.1,36.0,red_pad,,,,,,True,False,False,False,False,canonical_evaluator_v2,False,False,False,False,,FLYING,ALIGNMENT,hovered instead of landing,B4_ALIGNMENT_FAILURE,F_ALIGNMENT,5,False,False,48,2.5998218059539795,,0.092,399.3854780588823,0,28,False,True,same_shape
repeat,high,ct-9529-red_pad-far_red_visible,field,i,far,red_visible,Find the red landing pad and land on it.,land,red_pad,False,True,True,1,85,True,True,red_pad,target,True,False,,False,False,False,,False,True,True,hovered,False,False,False,model_stop,85,35.1,5.6,5.6,6.8,16.8,green_cylinder,,,,,,True,False,False,False,False,canonical_evaluator_v2,False,False,False,False,,FLYING,ALIGNMENT,hovered instead of landing,B4_ALIGNMENT_FAILURE,F_ALIGNMENT,0,True,True,0,0.0,0.01909,0.01909,393.67505002341846,0,32,True,False,
repeat,high,ct-9503-blue_pad-near_pair,lot,h,near,pair,Find the blue landing pad and land on it.,land,blue_pad,False,True,True,1,26,True,True,blue_pad,target,True,False,,False,False,False,,False,True,True,hovered,False,False,False,model_stop,26,16.2,3.9,3.9,5.9,35.2,red_pad,,,,,,True,False,False,False,False,canonical_evaluator_v2,False,False,False,False,,FLYING,ALIGNMENT,hovered instead of landing,B4_ALIGNMENT_FAILURE,F_ALIGNMENT,0,True,True,0,0.0,0.19587,0.19587,396.12217280787615,1,37,False,True,
repeat,high,ct-9505-blue_pad-near_visible2,lot,i,near,visible2,Find the blue landing pad and land on it.,land,blue_pad,False,True,True,1,5,False,True,,none,False,False,,False,False,False,,False,True,True,hovered,False,False,False,model_stop,5,16.7,16.7,16.7,7.5,46.3,blue_cube,,,,,,True,False,False,False,False,canonical_evaluator_v2,False,False,False,False,,FLYING,GROUNDING,stopped by itself,B2_GROUNDING_FAILURE,F_GROUNDING,0,False,False,0,0.0,0.24617,0.24617,390.9075538002071,3,43,True,False,
repeat,high,ct-9500-blue_pad-near_visible-approach,field,g,near,approach,Approach the blue landing pad.,approach,blue_pad,True,True,True,1,12,False,True,blue_pad,target,True,False,,False,False,False,,False,True,True,hovered,True,False,False,model_stop,12,12.6,11.2,11.2,8.2,43.6,red_pad,,,,,,False,,,,,,,,,,,,,,,S,0,False,False,0,0.0,0.3506,0.3506,395.22229733317243,2,46,False,True,
